date,gpu_ret,gpu_ret_n,gpu_act_n,gpu_in_n,gpu_out_n,gpu_match_n,gpu_in_sh,gpu_out_sh,gpu_match_sh,gpu_med_px,gpu_logp_iqr,gpu_px_cv,gpu_ret_iqr,gpu_ret_abs,gpu_high_sh,gpu_mid_sh,gpu_low_sh,gpu_vram_avg,gpu_vram_hi_sh,cpu_ret,cpu_ret_n,cpu_act_n,cpu_in_n,cpu_out_n,cpu_match_n,cpu_in_sh,cpu_out_sh,cpu_match_sh,cpu_med_px,cpu_logp_iqr,cpu_px_cv,cpu_ret_iqr,cpu_ret_abs,cpu_amd_sh,cpu_intel_sh,cpu_box_sh,cpu_bulk_sh,cpu_imp_sh,ram_ret,ram_ret_n,ram_act_n,ram_in_n,ram_out_n,ram_match_n,ram_in_sh,ram_out_sh,ram_match_sh,ram_med_px,ram_logp_iqr,ram_px_cv,ram_ret_iqr,ram_ret_abs,ram_ddr5_sh,ram_cap_avg,ram_spd_avg,ram_cap_hi_sh
2024-03-03,,0,727,727,0,0,1.0,,0.0,884000.0,0.9741751162197723,0.7347471826634288,,,0.5061898211829436,0.40990371389270974,0.08390646492434663,11.997248968363136,0.5914718019257221,,0,167,167,0,0,1.0,,0.0,478010.0,0.8973112769704805,8.377458733470034,,,0.39520958083832336,0.6047904191616766,0.8323353293413174,0.6227544910179641,0.5688622754491018,,0,783,783,0,0,1.0,,0.0,108900.0,1.4423392433391875,1.0738418070060938,,,0.2988505747126437,28.620689655172413,3948.8314176245212,0.5057471264367817
2024-03-10,0.0021887343214245583,646,760,40,7,720,0.05263157894736842,0.009628610729023384,0.9473684210526315,896115.0,0.9790690105837996,0.7478871080644024,0.00020071843153246505,0.0001118585332040567,0.5052631578947369,0.4118421052631579,0.08289473684210526,11.960526315789474,0.5855263157894737,-0.001477993448885099,147,171,5,1,166,0.029239766081871343,0.005988023952095809,0.9707602339181286,478010.0,0.9045380739678173,11.120599552608333,0.0005609045990215833,0.0,0.38596491228070173,0.6140350877192983,0.8187134502923976,0.6198830409356725,0.5730994152046783,0.0028963188092834364,631,938,237,82,701,0.2526652452025586,0.10472541507024266,0.7473347547974414,110020.0,1.4819104381888213,1.0640672305391161,0.0,0.0,0.2995735607675906,28.76545842217484,3954.7110874200425,0.5053304904051172
2024-03-17,0.0030918534967210704,655,750,18,28,732,0.024,0.03684210526315789,0.976,899590.0,0.9502572314571527,0.7755518509563546,0.002399318597452016,0.00015634568533950954,0.5066666666666667,0.4106666666666667,0.08266666666666667,11.933333333333334,0.584,0.000507553535214458,146,170,6,7,164,0.03529411764705882,0.04093567251461988,0.9647058823529412,483400.0,0.9252935370804742,1.954561965086723,0.00010254242528251467,6.141363124712029e-07,0.38823529411764707,0.611764705882353,0.8294117647058824,0.6294117647058823,0.5764705882352941,0.0014727700884034284,689,951,184,171,767,0.19348054679284962,0.18230277185501065,0.8065194532071503,113400.0,1.5121883176890094,1.0503500012780507,0.00010668198407426388,5.025251891765947e-05,0.31335436382754994,29.44900105152471,3986.031545741325,0.5184016824395373
2024-03-24,0.0020496207331638524,648,747,21,24,726,0.028112449799196786,0.032,0.9718875502008032,905220.0,0.9725656359794002,0.7323338576667727,0.0013157904501968076,6.797575196593186e-05,0.5100401606425703,0.4042838018741633,0.0856760374832664,11.898259705488622,0.5823293172690763,0.0006733549823636798,148,170,5,5,165,0.029411764705882353,0.029411764705882353,0.9705882352941176,483400.0,0.9391198271469197,1.9470317853789674,0.0,0.0,0.38235294117647056,0.6176470588235294,0.8352941176470589,0.6235294117647059,0.5823529411764706,-0.003015743410588236,681,953,195,193,758,0.20461699895068206,0.20294426919032596,0.7953830010493179,114000.0,1.4947856606072278,1.050171507714347,0.00041202198220835484,0.0,0.3179433368310598,29.794333683105982,3995.579223504722,0.5225603357817419
2024-03-31,0.0010933686827927884,652,760,31,18,729,0.04078947368421053,0.024096385542168676,0.9592105263157895,904525.0,0.9595508929954448,0.7366832561812949,0.0002550605782705162,7.36108708387917e-06,0.5013157894736842,0.4118421052631579,0.0868421052631579,11.889473684210527,0.5842105263157895,0.0010440985805760805,144,171,9,8,162,0.05263157894736842,0.047058823529411764,0.9473684210526315,478010.0,0.9875882955499797,8.801986581588817,0.0011634562513522795,6.141363124712029e-07,0.38011695906432746,0.6198830409356725,0.8362573099415205,0.631578947368421,0.5730994152046783,-0.001508383524611392,671,937,186,202,751,0.19850586979722518,0.21196222455403987,0.8014941302027748,114640.0,1.5123506564389384,1.0448893611543908,0.0002839547013691046,0.0,0.31696905016008536,29.553895410885804,4002.0565635005337,0.5208110992529349
2024-04-07,-0.0001153440516104119,663,758,16,18,742,0.021108179419525065,0.02368421052631579,0.978891820580475,907545.0,0.9832579969172066,0.7278776234113635,0.0007552717168723966,0.0004363629246411094,0.5065963060686016,0.40897097625329815,0.08443271767810026,11.92084432717678,0.5844327176781002,-0.008674672064749624,140,169,12,14,157,0.07100591715976332,0.08187134502923976,0.9289940828402367,462480.0,1.0012149282072311,1.976714029185696,0.014846363673543195,0.0010687799982491697,0.3727810650887574,0.6272189349112426,0.8224852071005917,0.6390532544378699,0.5621301775147929,-0.0051279521639672615,699,977,197,157,780,0.2016376663254862,0.16755602988260407,0.7983623336745138,110340.0,1.4313319595947362,1.0551628561994193,0.005931924119701559,0.0004167534963421815,0.3224155578300921,28.88229273285568,3993.3664278403276,0.5076765609007164
2024-04-14,0.0002916726195209212,663,759,22,21,737,0.028985507246376812,0.027704485488126648,0.9710144927536232,901390.0,0.9799118070993611,0.7353829343277781,0.00040315986595196307,6.6941125304254e-05,0.5059288537549407,0.4057971014492754,0.08827404479578392,11.88274044795784,0.5810276679841897,0.0006425134444731917,144,164,2,7,162,0.012195121951219513,0.04142011834319527,0.9878048780487805,472455.0,1.0195294030386997,1.9386988996012027,0.0014106950789591899,0.000788904168365967,0.3719512195121951,0.6280487804878049,0.8170731707317073,0.6341463414634146,0.5487804878048781,0.003570472333243983,693,986,214,205,772,0.21703853955375255,0.2098259979529171,0.7829614604462475,110615.0,1.5187577571307305,1.197699851733176,0.0005421190362255857,5.76990427809676e-05,0.3265720081135903,29.16632860040568,4006.2048681541582,0.5070993914807302
2024-04-21,0.002426850889151564,657,768,35,26,733,0.045572916666666664,0.034255599472990776,0.9544270833333334,913225.0,0.9767361579979976,0.7495970952359234,0.00036765796647664217,5.4410220428735556e-05,0.5065104166666666,0.40625,0.08723958333333333,11.821614583333334,0.57421875,-0.005164277268412123,139,171,12,5,159,0.07017543859649122,0.03048780487804878,0.9298245614035088,454400.0,1.0228345907468324,1.9360102925113838,0.0028385230722953736,0.0011896966475415383,0.36257309941520466,0.6374269005847953,0.8187134502923976,0.6374269005847953,0.5672514619883041,0.0031641766240276337,703,978,196,204,782,0.20040899795501022,0.20689655172413793,0.7995910020449898,114175.0,1.5437005421711962,1.1632411442644128,0.0017707713939167924,5.826031894162753e-05,0.33640081799591004,29.347648261758692,4047.7014314928424,0.516359918200409
2024-04-28,-0.0009344710930582979,670,779,32,21,747,0.0410783055198973,0.02734375,0.9589216944801027,929000.0,1.011469069360139,0.7332225777040112,0.00041264585028066847,0.0,0.5134788189987163,0.4017971758664955,0.08472400513478819,11.906290115532734,0.5815147625160462,-0.004347443454866658,147,171,6,6,165,0.03508771929824561,0.03508771929824561,0.9649122807017544,454120.0,1.0757367852816504,1.9518379634122047,0.007839173829159662,0.0,0.3684210526315789,0.631578947368421,0.8245614035087719,0.6374269005847953,0.5672514619883041,0.00033164618106899026,708,952,161,187,791,0.16911764705882354,0.19120654396728015,0.8308823529411765,114025.0,1.5259428263794987,1.3891921051784797,0.0,0.0,0.34663865546218486,29.758403361344538,4074.8487394957983,0.523109243697479
2024-05-05,-0.0006387161801975643,665,771,28,36,743,0.03631647211413749,0.04621309370988447,0.9636835278858625,912800.0,0.9988255611583234,0.7330569295167333,0.000763817190033933,5.763705370753769e-06,0.5214007782101168,0.3955901426718547,0.08300907911802853,11.989623865110246,0.5862516212710766,-0.0029576162654787463,144,173,8,6,165,0.046242774566473986,0.03508771929824561,0.953757225433526,424140.0,1.1056316508537947,1.9399386518051998,0.004154869055469135,0.00021406400595580521,0.3815028901734104,0.6184971098265896,0.8208092485549133,0.6242774566473989,0.5780346820809249,-0.001142957818412458,691,944,173,181,771,0.1832627118644068,0.19012605042016806,0.8167372881355932,112935.0,1.5018241821728626,1.4266098654615413,0.0014618659416223423,4.686365021910888e-05,0.3273305084745763,29.463983050847457,4011.219279661017,0.513771186440678
2024-05-12,0.0006126049351804058,667,768,24,27,744,0.03125,0.03501945525291829,0.96875,907165.0,0.9738345978501979,0.7322871596683291,0.00017040388165723286,7.0574485970809064e-06,0.5182291666666666,0.3997395833333333,0.08203125,11.9609375,0.5846354166666666,0.0005006047730786182,148,171,5,7,166,0.029239766081871343,0.04046242774566474,0.9707602339181286,405910.0,1.040297704813332,1.9732516328643215,0.0003993087957563368,0.00011240752921803931,0.3684210526315789,0.631578947368421,0.8187134502923976,0.631578947368421,0.5730994152046783,-0.0011858774380771756,693,990,218,172,772,0.2202020202020202,0.18220338983050846,0.7797979797979798,112843.5,1.5350656975622403,1.1779206075727455,0.001861370422100439,0.00020144432201529838,0.3202020202020202,29.08080808080808,3995.4727272727273,0.5131313131313131
2024-05-19,-0.001079817333526666,663,758,21,31,737,0.027704485488126648,0.040364583333333336,0.9722955145118733,900640.0,0.9885185093053401,0.7231361595620251,0.0007666489404005716,4.391261390601642e-05,0.5224274406332454,0.3970976253298153,0.08047493403693931,11.977572559366754,0.5857519788918206,-0.0018316731189174141,145,176,12,7,164,0.06818181818181818,0.04093567251461988,0.9318181818181818,406200.0,1.0861292617586198,2.0041052918600273,0.0004964165886600647,6.41033212325226e-05,0.375,0.625,0.8068181818181818,0.625,0.5454545454545454,0.0009069957027287042,698,903,127,214,776,0.1406423034330011,0.21616161616161617,0.8593576965669989,113450.0,1.4752969159012252,1.2199996566920859,0.0011548721806988738,7.585950318933499e-05,0.33111849390919157,29.636766334440754,4032.110741971207,0.5182724252491694
2024-05-26,-0.0014252757375653846,664,767,26,17,741,0.03389830508474576,0.022427440633245383,0.9661016949152542,908100.0,1.0008799977553071,0.7442320464657907,0.0014185988118367021,7.353265588605495e-05,0.5215123859191656,0.39504563233376794,0.08344198174706649,11.985658409387224,0.5867014341590613,-0.005268746217301978,145,172,8,12,164,0.046511627906976744,0.06818181818181818,0.9534883720930233,387310.0,1.113817721950447,2.0099850689683736,0.014781177546973723,0.0017965287637471405,0.37790697674418605,0.622093023255814,0.813953488372093,0.627906976744186,0.5465116279069767,-0.001880328896080038,675,977,223,149,754,0.22824974411463664,0.16500553709856036,0.7717502558853634,114610.0,1.5354438939013786,1.1857829106301048,0.003796802197213456,0.00022256987613200607,0.35516888433981575,29.656090071647903,4091.7666325486184,0.5209825997952917
2024-06-02,-0.0015981074351824934,658,764,29,32,735,0.03795811518324607,0.041720990873533245,0.9620418848167539,898680.0,0.9959593075605913,0.7372320984959289,0.001398844548871736,8.514831016093183e-05,0.5196335078534031,0.39528795811518325,0.08507853403141362,11.925392670157068,0.5837696335078534,-0.005096096415661711,149,173,6,5,167,0.03468208092485549,0.029069767441860465,0.9653179190751445,387990.0,1.1163741303932095,2.0125711160696413,0.00889651309517081,0.0007231148485828953,0.3699421965317919,0.630057803468208,0.8092485549132948,0.6242774566473989,0.5433526011560693,-0.0023531025389362577,704,974,188,191,786,0.19301848049281314,0.195496417604913,0.8069815195071869,113232.5,1.5401937159024754,1.1917148050203037,0.003224856263346343,0.00025810856661223625,0.351129363449692,29.546201232032853,4083.8377823408623,0.5174537987679672
2024-06-09,-0.0020377322181679234,656,761,28,31,733,0.03679369250985545,0.04057591623036649,0.9632063074901446,896510.0,0.9833477882911179,0.729095230358031,0.0030370765811049694,0.00013727401287333407,0.519053876478318,0.39947437582128775,0.08147174770039421,11.95137976346912,0.5886990801576872,0.0036266217650564774,146,171,7,9,164,0.04093567251461988,0.05202312138728324,0.9590643274853801,387990.0,1.1184191287768375,2.0288913412368728,0.0013089062783304684,0.0008657532872051732,0.3742690058479532,0.6257309941520468,0.8011695906432749,0.6257309941520468,0.5555555555555556,-0.002496098232671481,694,926,154,202,772,0.16630669546436286,0.20739219712525667,0.8336933045356372,113510.0,1.5033934018215547,1.2943268037992677,0.0028758259211514314,0.00015275271672354762,0.36393088552915764,30.002159827213823,4132.107991360691,0.521598272138229
2024-06-16,-0.0003430156027606092,660,761,25,25,736,0.0328515111695138,0.0328515111695138,0.9671484888304862,896510.0,0.9756794156491058,0.7321223661361588,0.0004226906118374174,1.2689235178164893e-05,0.5164257555847569,0.4021024967148489,0.08147174770039421,11.95400788436268,0.5860709592641261,-0.0030563793408595968,148,173,8,6,165,0.046242774566473986,0.03508771929824561,0.953757225433526,398380.0,1.1044648802930706,2.014925679037562,0.00372968152254316,0.0007646437083401736,0.37572254335260113,0.6242774566473989,0.8034682080924855,0.630057803468208,0.5664739884393064,-0.000840704575507018,674,1004,253,175,751,0.25199203187250996,0.18898488120950324,0.74800796812749,115590.0,1.5066081043293895,1.2650941250349959,0.001044077042310576,3.597316402270678e-05,0.3715139442231076,30.34860557768924,4141.892430278885,0.5338645418326693
2024-06-23,0.0014922901342778628,666,763,22,20,741,0.028833551769331587,0.026281208935611037,0.9711664482306684,890890.0,0.9744672411443247,0.7092594839448393,7.096560536545837e-05,2.5439143211514192e-05,0.5124508519003932,0.40498034076015726,0.08256880733944955,11.883355176933158,0.5858453473132372,0.0035696524545059754,146,221,55,7,166,0.248868778280543,0.04046242774566474,0.751131221719457,387990.0,1.103996226811132,2.07963091010913,0.0013168948465218655,0.0006583663451875665,0.33031674208144796,0.669683257918552,0.8280542986425339,0.6832579185520362,0.5701357466063348,0.0008841555017543894,760,1503,657,158,846,0.437125748502994,0.15737051792828685,0.562874251497006,139870.0,1.3588022435954539,1.216907208501335,3.7313502456726155e-06,0.0,0.42847638057218895,30.465735196274117,4375.626746506986,0.5535595475715236
2024-06-30,0.00025506836278587307,669,769,24,18,745,0.031209362808842653,0.023591087811271297,0.9687906371911573,889030.0,0.9796195830662686,0.7100810582171418,9.923445428405842e-05,0.0,0.5084525357607282,0.4044213263979194,0.08712613784135241,11.81664499349805,0.5786736020806242,0.0028178225272856945,184,207,1,15,206,0.004830917874396135,0.06787330316742081,0.9951690821256038,404680.0,1.1144720315596999,2.080730470669799,0.0037428157508050397,0.0009373709009956599,0.3333333333333333,0.6666666666666666,0.8405797101449275,0.6714975845410628,0.5603864734299517,5.5016553834403045e-05,1152,1480,195,218,1285,0.13175675675675674,0.14504324683965403,0.8682432432432432,136395.0,1.355948797845599,1.2343002697880494,5.0935948056718416e-05,0.0,0.425,30.028378378378378,4370.246621621622,0.547972972972973
2024-07-07,-0.002469575737334918,669,763,18,24,745,0.023591087811271297,0.031209362808842653,0.9764089121887287,884940.0,0.9502745539506208,0.7054247774145391,0.004784921411191689,5.830818791352499e-06,0.5072083879423329,0.41284403669724773,0.0799475753604194,11.830930537352556,0.5766710353866317,-0.0006174303482507381,181,204,2,5,202,0.00980392156862745,0.024154589371980676,0.9901960784313726,406035.0,1.1201145228071887,2.0757214081303474,0.0006491345785271108,0.0,0.3333333333333333,0.6666666666666666,0.8431372549019608,0.6617647058823529,0.5637254901960784,-0.0017687258990757787,1116,1429,184,235,1245,0.12876137158852344,0.15878378378378377,0.8712386284114766,143650.0,1.3685765085722021,1.222399743834507,0.0009620588800469676,0.0,0.4331700489853044,30.268719384184745,4385.372988103569,0.549335199440168
2024-07-14,0.0006238310994871629,670,766,19,16,747,0.024804177545691905,0.020969855832241154,0.9751958224543081,895990.0,0.9511564149864355,0.7062515294612005,2.024635828501431e-05,0.0,0.5026109660574413,0.4164490861618799,0.08093994778067885,11.76892950391645,0.5718015665796344,0.0012314577829501115,181,204,2,2,202,0.00980392156862745,0.00980392156862745,0.9901960784313726,407610.0,1.1157277396341314,2.0756084389868663,0.0011894676256081205,0.0006172243179642933,0.3333333333333333,0.6666666666666666,0.8431372549019608,0.6715686274509803,0.553921568627451,0.0005413374163337376,1117,1437,196,188,1241,0.13639526791927628,0.13156053184044786,0.8636047320807237,144000.0,1.3280254529959148,1.2163344434487209,0.0,0.0,0.43702157272094644,30.39805149617258,4400.578983994433,0.5546276965901183
2024-07-21,0.0003341364029832543,669,765,18,19,747,0.023529411764705882,0.024804177545691905,0.9764705882352941,889300.0,0.9741936913876419,0.7112179475726094,7.23591901481413e-05,0.0,0.5071895424836601,0.4117647058823529,0.08104575163398693,11.763398692810458,0.5764705882352941,0.0016190569427103692,181,205,3,2,202,0.014634146341463415,0.00980392156862745,0.9853658536585366,413580.0,1.1380726455783439,2.05581336574787,0.004163938771964748,0.001178349250185562,0.32682926829268294,0.6731707317073171,0.8341463414634146,0.6731707317073171,0.5560975609756098,-0.0013331763040821995,1140,1484,216,169,1268,0.14555256064690028,0.11760612386917188,0.8544474393530997,139000.0,1.357071299824634,1.231972605593441,0.0,0.0,0.42452830188679247,30.446091644204852,4365.700134770889,0.5491913746630728
2024-07-28,0.002546982257458081,674,773,21,13,752,0.027166882276843468,0.01699346405228758,0.9728331177231565,887880.0,0.9562703610668368,0.7040759708213994,5.5641885182033946e-05,0.0,0.5032341526520052,0.4152652005174644,0.0815006468305304,11.721862871927556,0.5705045278137129,-0.0023982811042188227,181,209,6,2,203,0.028708133971291867,0.00975609756097561,0.9712918660287081,420050.0,1.1529811785892328,2.0823228789649666,0.0009495451649916831,0.000251547528511864,0.32057416267942584,0.6794258373205742,0.8181818181818182,0.6746411483253588,0.5598086124401914,7.020137984481881e-05,1164,1507,209,186,1298,0.1386861313868613,0.12533692722371967,0.8613138686131386,137000.0,1.3502350392050069,1.235052770023024,0.0,0.0,0.44591904445919045,30.29462508294625,4404.886529528865,0.5514266755142667
2024-08-04,0.0021483515563459205,651,751,22,44,729,0.02929427430093209,0.056921086675291076,0.9707057256990679,904900.0,0.9635176425249661,0.7100354860074932,3.6734656397641174e-05,1.0362855380918745e-05,0.4966711051930759,0.42609853528628494,0.07723035952063914,11.655126498002662,0.5659121171770972,0.0019553757544536784,180,207,8,10,199,0.03864734299516908,0.04784688995215311,0.961352657004831,417550.0,1.1683328382391593,2.224558280106281,0.0017833542279994674,0.0013138973144251054,0.32367149758454106,0.6763285024154589,0.8019323671497585,0.6618357487922706,0.5603864734299517,-5.457091387664623e-05,1096,1454,233,286,1221,0.16024759284731774,0.1897810218978102,0.8397524071526823,139000.0,1.3604294199187912,1.2379181879515448,0.0,0.0,0.4449793672627235,30.397524071526824,4415.430536451169,0.5550206327372765
2024-08-11,0.00036004752559012465,663,750,12,13,738,0.016,0.017310252996005325,0.984,888440.0,0.9665397669696958,0.7215630994218676,2.211406546548389e-05,0.0,0.492,0.43066666666666664,0.07733333333333334,11.593333333333334,0.5586666666666666,-0.0015206390062077182,181,207,5,5,202,0.024154589371980676,0.024154589371980676,0.9758454106280193,419930.0,1.1417548459104108,2.247029268580798,0.0015449058254350945,0.0004852752688258022,0.3333333333333333,0.6666666666666666,0.8067632850241546,0.6473429951690821,0.5507246376811594,-0.001484433920550936,1097,1466,244,232,1222,0.1664392905866303,0.15955983493810177,0.8335607094133697,137990.0,1.376645435186136,1.2589434945560911,0.0,0.0,0.43519781718963163,30.257844474761256,4375.276944065485,0.5511596180081856
2024-08-18,0.00033141461247179527,646,731,12,31,719,0.016415868673050615,0.04133333333333333,0.9835841313269493,884970.0,0.9587871311031115,0.78087912769127,0.00018329382453607934,0.0,0.49658002735978113,0.42818057455540354,0.07523939808481532,11.656634746922025,0.5649794801641587,-0.002254771422267076,181,211,10,6,201,0.04739336492890995,0.028985507246376812,0.95260663507109,417550.0,1.1332971169616002,2.2604838617201195,0.0016795749026279339,0.0003289960714649709,0.3459715639810427,0.6540284360189573,0.8056872037914692,0.6492890995260664,0.5308056872037915,0.00024149334903856526,1109,1422,187,231,1235,0.13150492264416316,0.15757162346521145,0.8684950773558369,139000.0,1.3785278596934436,1.251250557095984,0.0,0.0,0.44866385372714485,30.60056258790436,4411.932489451477,0.5576652601969058
2024-08-25,0.0013690625067079153,643,745,29,15,716,0.038926174496644296,0.02051983584131327,0.9610738255033557,896320.0,0.9656453475402582,0.7303044499939093,0.00024388166979294468,2.585463460036408e-05,0.5020134228187919,0.42416107382550333,0.0738255033557047,11.684563758389261,0.5651006711409396,0.0003807230783203538,188,211,2,2,209,0.009478672985781991,0.009478672985781991,0.990521327014218,433380.0,1.1148339231989937,2.2423044237079757,0.0012185531744552947,0.0008888304235945554,0.3459715639810427,0.6540284360189573,0.8056872037914692,0.6445497630331753,0.5355450236966824,-0.0006515598078883875,1082,1419,215,218,1204,0.15151515151515152,0.15330520393811534,0.8484848484848485,137000.0,1.3660572200603625,1.298728721083847,0.0,0.0,0.452431289640592,30.397463002114165,4417.360112755461,0.5539112050739958
2024-09-01,-0.0037445417812658186,654,743,18,20,725,0.024226110363391656,0.026845637583892617,0.9757738896366084,900540.0,0.959777617040201,0.7329306870353828,0.00812775352916617,0.000133808450494044,0.4993270524899058,0.42799461641991926,0.07267833109017496,11.681022880215343,0.5639300134589502,-0.009413373607033888,186,209,1,3,208,0.004784688995215311,0.014218009478672985,0.9952153110047847,426250.0,1.136939151775028,2.2608297598686518,0.017760154484234292,0.0051267202569285075,0.3492822966507177,0.6507177033492823,0.8181818181818182,0.6411483253588517,0.5406698564593302,-0.0021184540235154804,1105,1445,215,189,1230,0.14878892733564014,0.1331923890063425,0.8512110726643599,139000.0,1.372933379200827,1.339093560679056,0.0008296231834159506,0.0,0.4470588235294118,30.960553633217994,4409.388235294117,0.5619377162629757
2024-09-08,-0.0005201590059351972,649,741,20,22,721,0.02699055330634278,0.029609690444145357,0.9730094466936572,898305.0,0.9818827309722593,0.7443847463796576,0.0004312833528867799,6.606983584056536e-05,0.5020242914979757,0.42780026990553305,0.07017543859649122,11.720647773279353,0.562753036437247,-0.0011562714324036864,184,210,3,2,207,0.014285714285714285,0.009569377990430622,0.9857142857142858,427410.0,1.1746344996621492,2.276182669527462,0.002155395965617757,0.0015280621598545707,0.3476190476190476,0.6523809523809524,0.8142857142857143,0.6476190476190476,0.5333333333333333,-0.0023315891922053946,1090,1432,218,231,1214,0.15223463687150837,0.15986159169550174,0.8477653631284916,134665.0,1.4170583198852462,1.3901990897542005,0.001482573227102879,0.0,0.45251396648044695,30.47905027932961,4414.92248603352,0.5537709497206704
2024-09-15,0.0008792655551979514,650,739,15,17,724,0.02029769959404601,0.022941970310391364,0.979702300405954,887040.0,0.9842405569716739,0.7597649253881061,0.0002153435382106217,3.026711350972988e-05,0.4912043301759134,0.435723951285521,0.07307171853856563,11.571041948579161,0.550744248985115,0.0005200445162088049,184,210,3,3,207,0.014285714285714285,0.014285714285714285,0.9857142857142858,429720.0,1.191204541978058,2.2609523425654494,0.0018902358236321248,0.0009714830046174683,0.34285714285714286,0.6571428571428571,0.8047619047619048,0.6476190476190476,0.5380952380952381,-0.003182777625532572,1094,1415,198,215,1217,0.13992932862190813,0.15013966480446927,0.8600706713780919,134020.0,1.3932490574809204,1.3992229425169167,0.003971871171124519,0.0,0.4565371024734982,30.37314487632509,4417.973851590106,0.5512367491166078
2024-09-22,0.002221483120760075,652,733,7,13,726,0.009549795361527967,0.017591339648173207,0.990450204638472,887990.0,0.9790107124231398,0.7668698580421925,0.00011873236138004728,0.0,0.4870395634379263,0.4406548431105048,0.0723055934515689,11.567530695770804,0.5497953615279673,0.008895654595767013,183,208,2,4,206,0.009615384615384616,0.01904761904761905,0.9903846153846154,427745.0,1.1708975948901497,2.2958174397467923,0.018116883204512657,0.00019728027288756778,0.34615384615384615,0.6538461538461539,0.8125,0.6490384615384616,0.5384615384615384,0.0007933156278352824,1125,1452,199,162,1253,0.13705234159779614,0.11448763250883393,0.8629476584022039,135635.0,1.4169124695629502,1.381778549564317,0.0,0.0,0.4476584022038568,30.71763085399449,4408.37741046832,0.5557851239669421
2024-09-29,-1.8423936973217922e-05,646,734,16,15,718,0.021798365122615803,0.020463847203274217,0.9782016348773842,888680.0,0.9704379628355504,0.7630839210836813,9.240863103165964e-05,5.9682819646411644e-06,0.4904632152588556,0.43869209809264303,0.07084468664850137,11.611716621253406,0.5544959128065395,0.0016139360787972483,184,208,4,4,204,0.019230769230769232,0.019230769230769232,0.9807692307692307,428460.0,1.1710351563562735,2.285331548429826,0.0015854745144827653,0.00043589753713302315,0.34615384615384615,0.6538461538461539,0.8076923076923077,0.6538461538461539,0.5384615384615384,-0.0008661340856718927,1135,1447,184,189,1263,0.1271596406357982,0.13016528925619836,0.8728403593642018,129990.0,1.4234674763346753,1.3566352561578738,0.0007657782248147171,3.2520853999074006e-05,0.44229440221147204,30.140981340704908,4391.357290946787,0.5494125777470629
2024-10-06,-0.0011162359715805204,649,734,10,10,724,0.013623978201634877,0.013623978201634877,0.9863760217983651,889355.0,0.9816182883374669,0.7649315462226964,0.00033353959446902337,5.969249904147489e-06,0.4904632152588556,0.43869209809264303,0.07084468664850137,11.660762942779291,0.5599455040871935,-0.009194451625083694,183,208,3,3,205,0.014423076923076924,0.014423076923076924,0.9855769230769231,424195.0,1.1547495830845467,2.2819882612422413,0.0029449505917984453,0.0008016353790143427,0.35096153846153844,0.6490384615384616,0.8125,0.6490384615384616,0.5336538461538461,-0.003952250056925161,1119,1440,211,218,1229,0.14652777777777778,0.15065653075328264,0.8534722222222222,134195.0,1.4338385323726026,1.360056072403017,0.002453988961567788,0.0,0.45,30.120833333333334,4422.750694444445,0.5520833333333334
2024-10-13,-0.000664914391072329,647,732,19,21,713,0.025956284153005466,0.02861035422343324,0.9740437158469946,889105.0,0.9702003688505378,0.7698764834757463,0.00016142642292038545,6.414388757036704e-06,0.48633879781420764,0.44672131147540983,0.06693989071038252,11.637978142076502,0.5546448087431693,-0.00811836725854521,185,211,3,0,208,0.014218009478672985,0.0,0.985781990521327,407200.0,1.1559644391867554,2.3051410099263903,0.005764405212710155,0.0004895951213024219,0.3459715639810427,0.6540284360189573,0.8009478672985783,0.6492890995260664,0.5308056872037915,-0.00240433550473521,1103,1454,225,211,1229,0.15474552957359008,0.14652777777777778,0.8452544704264099,137980.0,1.41530149158765,1.351446135389313,0.004111847898604637,0.00027133360633158077,0.4518569463548831,30.68363136176066,4435.830123796423,0.563273727647868
2024-10-20,-0.00026836515590292946,632,719,14,27,705,0.019471488178025034,0.036885245901639344,0.980528511821975,884700.0,0.9562484261468036,0.7718989474139195,0.00012946101083954886,0.0,0.4853963838664812,0.4506258692628651,0.06397774687065369,11.662030598052851,0.5577190542420027,-0.001113909063476492,187,208,0,3,208,0.0,0.014218009478672985,1.0,403380.0,1.1611804729201687,2.300361050883316,0.0011480034641930814,0.000663138676707753,0.35096153846153844,0.6490384615384616,0.8076923076923077,0.6442307692307693,0.5336538461538461,-0.004597496164059063,1099,1479,254,229,1225,0.17173766058147397,0.1574965612104539,0.828262339418526,140070.0,1.4134554279810878,1.3706929895032507,0.0013931890798346558,0.0,0.47329276538201487,31.057471264367816,4493.103448275862,0.572684246112238
2024-10-27,-0.0004713226736937197,636,731,23,11,708,0.03146374829001368,0.015299026425591099,0.9685362517099864,879020.0,0.936550664502434,0.7691496906359644,0.00020777495950863312,1.0062937080945744e-05,0.48153214774281805,0.4528043775649795,0.06566347469220246,11.623803009575923,0.5554035567715458,-0.010106452994371852,182,210,6,4,204,0.02857142857142857,0.019230769230769232,0.9714285714285714,409150.0,1.1995378054211123,2.3049329753116106,0.016394522951302726,0.0033438854826695064,0.3476190476190476,0.6523809523809524,0.8142857142857143,0.6190476190476191,0.5333333333333333,-0.009045332906581114,1149,1486,208,201,1278,0.13997308209959622,0.1359026369168357,0.8600269179004038,139570.0,1.435404119895324,1.3252646063818514,0.015299221003934438,6.361421071954254e-05,0.48183041722745623,31.15343203230148,4517.830417227457,0.5794078061911171
2024-11-03,-0.001008884822818494,644,733,17,15,716,0.023192360163710776,0.02051983584131327,0.9768076398362893,884000.0,0.9304386591810587,0.7712167627560721,0.0003344519545023239,1.1383821310495534e-05,0.48840381991814463,0.4488403819918145,0.06275579809004093,11.712141882673942,0.5620736698499318,-0.0034039266253489213,184,226,18,2,208,0.07964601769911504,0.009523809523809525,0.9203539823008849,402660.0,1.166522624284605,2.320224796518329,0.011050307356882172,0.003751836365561978,0.3893805309734513,0.6106194690265486,0.827433628318584,0.588495575221239,0.5442477876106194,-0.0035489380466445525,1131,1479,220,227,1259,0.14874915483434753,0.15275908479138628,0.8512508451656524,135895.0,1.4337744143006041,1.2082417591059649,0.0024401135448899325,3.144308016622688e-05,0.4787018255578093,30.513860716700474,4516.313049357674,0.572684246112238
2024-11-10,0.0007017602819860718,637,725,14,22,711,0.019310344827586208,0.030013642564802184,0.9806896551724138,883590.0,0.9232712337593956,0.7853268159664831,6.74504194515535e-05,2.445077447887911e-05,0.4868965517241379,0.45379310344827584,0.05931034482758621,11.65103448275862,0.5586206896551724,0.002577789179824589,182,208,4,22,204,0.019230769230769232,0.09734513274336283,0.9807692307692307,401400.0,1.1269327156559168,2.1445508694860527,0.008655698310848337,0.0013048300384204126,0.3317307692307692,0.6682692307692307,0.8125,0.6346153846153846,0.5432692307692307,-0.0005983745690006919,1121,1481,224,222,1257,0.1512491559756921,0.15010141987829614,0.8487508440243079,138000.0,1.4316785674486194,1.2595492046505252,0.00010526869844973419,0.0,0.487508440243079,31.064145847400404,4543.437542201215,0.5793382849426063
2024-11-17,-0.00015073359842741822,643,733,17,9,716,0.023192360163710776,0.012413793103448275,0.9768076398362893,878950.0,0.9269998797449279,0.7921547864761345,0.00017712873403263885,6.6714823026003955e-06,0.48567530695770805,0.4542974079126876,0.06002728512960437,11.633015006821282,0.5566166439290586,0.0008760319031084177,182,208,6,6,202,0.028846153846153848,0.028846153846153848,0.9711538461538461,405550.0,1.1746826006868982,2.139119026060896,0.001630188361039231,0.001147315220257461,0.3317307692307692,0.6682692307692307,0.8317307692307693,0.6346153846153846,0.5432692307692307,0.0009180725589482087,1101,1437,198,242,1239,0.13778705636743216,0.16340310600945307,0.8622129436325678,134640.0,1.4119481341669733,1.22265075546957,0.0,0.0,0.4940848990953375,30.411969380654142,4552.60751565762,0.5775922059846903
2024-11-24,0.0038829494003980417,643,742,25,16,717,0.03369272237196765,0.021828103683492497,0.9663072776280324,879315.0,0.9312260029638999,0.7915555003390686,0.0036308289054147735,1.7606098753120136e-05,0.49326145552560646,0.4420485175202156,0.0646900269541779,11.71832884097035,0.5633423180592992,0.008241279189736371,186,208,1,1,207,0.004807692307692308,0.004807692307692308,0.9951923076923077,422315.0,1.160245831433988,2.1452638829239374,0.017461335202280992,0.0051214711282163705,0.3317307692307692,0.6682692307692307,0.8269230769230769,0.6346153846153846,0.5432692307692307,0.00117860100562813,1112,1453,213,197,1240,0.14659325533379217,0.1370911621433542,0.8534067446662078,130690.0,1.3863852743432812,1.2875067802628346,0.0,0.0,0.4941500344115623,30.401927047487955,4550.289057123194,0.5712319339298004
2024-12-01,0.0015641566684912003,647,731,11,22,720,0.015047879616963064,0.029649595687331536,0.9849521203830369,877000.0,0.9251929644510852,0.7993014109406184,7.964737288945756e-05,1.0646981849049553e-05,0.4952120383036936,0.44049247606019154,0.06429548563611491,11.730506155950753,0.560875512995896,-0.0025387551055393344,183,210,4,2,206,0.01904761904761905,0.009615384615384616,0.9809523809523809,411600.0,1.1426984729528282,2.2888625041359716,0.005534624060207438,0.0011169296248683125,0.3333333333333333,0.6666666666666666,0.8238095238095238,0.6333333333333333,0.5333333333333333,-6.454463677200657e-05,1117,1452,208,209,1244,0.14325068870523416,0.14384033035099794,0.8567493112947658,130500.0,1.4144362288589143,1.230620986889863,0.0007068419461440101,0.0,0.49586776859504134,30.257575757575758,4546.165977961433,0.568870523415978
2024-12-08,0.0004002235174707103,644,727,10,14,717,0.013755158184319119,0.019151846785225718,0.9862448418156808,874990.0,0.9176497025023451,0.8105381322335824,0.00031534915905417904,0.00010194329412982484,0.4938101788170564,0.44291609353507566,0.06327372764786796,11.693259972489683,0.5598349381017882,-0.002334156784012874,184,211,3,2,208,0.014218009478672985,0.009523809523809525,0.985781990521327,410960.0,1.1302708590285242,2.2507051218738265,0.011294450309028647,0.005003529451634847,0.33175355450236965,0.6682464454976303,0.8293838862559242,0.6398104265402843,0.5308056872037915,-0.0007547658861126976,1106,1445,214,221,1231,0.14809688581314878,0.1522038567493113,0.8519031141868512,123680.0,1.3872471958751635,1.2672397544078664,0.0012613807003249988,5.49465644787972e-05,0.49204152249134947,29.684429065743945,4534.044982698962,0.5612456747404845
2024-12-15,0.006561406527977416,626,717,18,28,699,0.02510460251046025,0.03851444291609354,0.9748953974895398,880000.0,0.9276439084914916,0.824501777287488,0.01047119318317602,0.00011241217810287196,0.499302649930265,0.4435146443514644,0.05718270571827057,11.661087866108787,0.5578800557880056,0.0018955704194375147,187,212,3,2,209,0.014150943396226415,0.009478672985781991,0.9858490566037735,414560.0,1.1288393021369654,2.215875697662064,0.0011082946368183855,0.000631941210116338,0.33490566037735847,0.6650943396226415,0.8254716981132075,0.6367924528301887,0.5235849056603774,-0.00032881839507257945,1094,1434,212,223,1222,0.14783821478382148,0.15432525951557094,0.8521617852161785,123375.0,1.3843669866572768,1.2830501586512324,0.0003258539290253992,0.0,0.49511854951185497,29.479776847977686,4516.34030683403,0.5523012552301255
2024-12-22,0.004910125197578292,614,704,18,31,686,0.02556818181818182,0.043235704323570434,0.9744318181818182,880500.0,0.945506520647271,0.7854699249218218,0.0005539158317797721,1.447682721611443e-05,0.5014204545454546,0.44176136363636365,0.056818181818181816,11.700284090909092,0.5625,0.0009413219650431419,186,213,5,4,208,0.023474178403755867,0.018867924528301886,0.9765258215962441,414560.0,1.1477082499393418,2.199806802294376,0.00041680312610203885,3.211018115401032e-05,0.3333333333333333,0.6666666666666666,0.8075117370892019,0.6384976525821596,0.5211267605633803,-0.0007047281718667393,1070,1413,221,242,1192,0.15640481245576787,0.16875871687587168,0.8435951875442321,126990.0,1.3656974270292679,1.2714396076703982,0.00022003715739682406,4.2000042006051785e-05,0.4953998584571833,29.759377211606513,4529.819532908705,0.5640481245576787
2024-12-29,0.003284871825214798,604,689,15,30,674,0.02177068214804064,0.04261363636363636,0.9782293178519593,884000.0,0.9478224387976208,0.7901679234230288,0.0,0.0,0.4949201741654572,0.4455732946298984,0.059506531204644414,11.647314949201741,0.5544267053701016,0.003361791036267604,188,214,6,5,208,0.028037383177570093,0.023474178403755867,0.9719626168224299,423070.0,1.1451194177971349,2.146516624400932,0.0011834344903918215,0.00011831434079567771,0.3317757009345794,0.6682242990654206,0.794392523364486,0.6355140186915887,0.514018691588785,0.0008143114586613489,1085,1412,201,202,1211,0.1423512747875354,0.14295824486907288,0.8576487252124646,125997.5,1.3659317188639601,1.2575927751283733,0.0,0.0,0.4922096317280453,29.63031161473088,4521.031161473088,0.5580736543909348
2025-01-05,0.006223504863405205,595,679,17,27,662,0.025036818851251842,0.03918722786647315,0.9749631811487481,887820.0,0.9803021034787704,0.8215784336884234,0.005353742623471547,0.00013584890928974858,0.49779086892488955,0.44035346097201766,0.061855670103092786,11.671575846833578,0.5508100147275405,0.0035747122492813923,188,213,3,4,210,0.014084507042253521,0.018691588785046728,0.9859154929577465,419890.0,1.1486965190989888,2.1731687843851297,0.0004173718144104832,0.0,0.3380281690140845,0.6619718309859155,0.8028169014084507,0.6384976525821596,0.5211267605633803,0.000574014997192389,1068,1384,192,220,1192,0.13872832369942195,0.1558073654390935,0.861271676300578,123220.0,1.3922461847967558,1.3729897042915353,2.8676971283836394e-05,0.0,0.5057803468208093,30.20664739884393,4544.632225433526,0.5606936416184971
2025-01-12,0.01439236984878627,581,670,29,38,641,0.04328358208955224,0.055964653902798235,0.9567164179104478,878870.0,1.0176916585562665,0.7833148451225106,0.025986877287136778,0.0019305211644446985,0.4761194029850746,0.45671641791044776,0.06716417910447761,11.350746268656716,0.5238805970149254,0.0030141865707016035,188,211,0,2,211,0.0,0.009389671361502348,1.0,419890.0,1.1409412530141072,2.2014278630641013,0.0029987460166793767,0.0,0.3412322274881517,0.6587677725118484,0.8104265402843602,0.6350710900473934,0.5260663507109005,0.0028562835972470784,1062,1379,197,202,1182,0.14285714285714285,0.14595375722543352,0.8571428571428571,125000.0,1.3890070243854673,1.2898552583326903,0.0031699337448611864,0.0,0.508339376359681,29.614213197969544,4555.01667875272,0.5583756345177665
2025-01-19,0.0031435754681973585,573,654,16,32,638,0.024464831804281346,0.04776119402985075,0.9755351681957186,882460.0,1.0368657339263336,0.7905928819811648,0.00026113378446446234,7.07992746384889e-06,0.48623853211009177,0.44495412844036697,0.06880733944954129,11.429663608562691,0.5214067278287462,0.005873136657934673,182,207,5,9,202,0.024154589371980676,0.04265402843601896,0.9758454106280193,418900.0,1.1654504077634886,2.239721971015178,0.007767916601475022,0.000507095949639158,0.34782608695652173,0.6521739130434783,0.8067632850241546,0.6135265700483091,0.5120772946859904,0.0010432435881712306,1043,1388,227,218,1161,0.16354466858789626,0.15808556925308195,0.8364553314121037,128590.0,1.3958638121360423,1.2613466151029877,0.0,0.0,0.5144092219020173,29.753602305475503,4587.345821325648,0.5662824207492796
2025-01-26,0.004816789113128426,559,644,22,32,622,0.034161490683229816,0.04892966360856269,0.9658385093167702,900000.0,1.013335521630756,0.7802542182148098,0.002805578012919696,0.0,0.4984472049689441,0.4409937888198758,0.06055900621118013,11.467391304347826,0.5295031055900621,0.007123970946719989,183,207,1,1,206,0.004830917874396135,0.004830917874396135,0.9951690821256038,416960.0,1.149033316718139,2.1870526848301743,0.014772983652237226,0.0014888815721345594,0.34782608695652173,0.6521739130434783,0.8019323671497585,0.6183574879227053,0.5120772946859904,0.0021810252077579316,1034,1336,180,232,1156,0.1347305389221557,0.16714697406340057,0.8652694610778443,131200.0,1.3485911598042684,1.2736273705066574,0.0,0.0,0.5254491017964071,30.157185628742514,4622.786676646707,0.5778443113772455
2025-02-02,-0.001801503967693368,558,625,3,22,622,0.0048,0.034161490683229816,0.9952,895000.0,1.0193333397608182,0.8076370431520092,0.00017737968717224106,0.0,0.496,0.44,0.064,11.432,0.528,-0.007777659513259019,182,206,2,3,204,0.009708737864077669,0.014492753623188406,0.9902912621359223,416800.0,1.1719801977492068,2.193898092046502,0.014083209039398525,0.0,0.34951456310679613,0.6504854368932039,0.8009708737864077,0.616504854368932,0.5097087378640777,-0.006726201594170813,1057,1369,189,156,1180,0.13805697589481372,0.11676646706586827,0.8619430241051863,128800.0,1.3918600601624114,1.3524026236215292,0.008915569704412096,6.321123132213557e-05,0.5171658144631117,29.888970051132212,4599.63330898466,0.5661066471877283
2025-02-09,0.008283984807190193,522,611,28,42,583,0.04582651391162029,0.0672,0.9541734860883797,907720.0,1.026250882449709,0.7789300220679265,0.006450898871589672,0.0003652205711937029,0.49263502454991814,0.4369885433715221,0.07037643207855974,11.405891980360066,0.5286415711947627,-0.031347262082650644,176,208,3,1,205,0.014423076923076924,0.0048543689320388345,0.9855769230769231,402440.0,1.1854181095098042,2.068591069970861,0.026179505581771068,0.0034947420339062063,0.35096153846153844,0.6490384615384616,0.7980769230769231,0.6153846153846154,0.5048076923076923,0.0020289918499013728,1033,1353,201,217,1152,0.14855875831485588,0.1585098612125639,0.8514412416851441,127460.0,1.391042685348733,1.2704345579269154,8.592517062311344e-05,4.566314300369356e-05,0.5365853658536586,29.893569844789358,4645.0155210643015,0.5691056910569106
2025-02-16,0.013444059569564255,506,602,34,43,568,0.05647840531561462,0.07037643207855974,0.9435215946843853,882670.0,1.1129715141409395,0.8063935746006422,0.014984857186202571,0.00013127340831164958,0.4750830564784053,0.4568106312292359,0.0681063122923588,11.267441860465116,0.5049833887043189,0.006314969929860926,180,208,4,4,204,0.019230769230769232,0.019230769230769232,0.9807692307692307,404565.0,1.1738658946606986,2.0707275222262664,0.011812798971122085,0.0021737315741194863,0.35096153846153844,0.6490384615384616,0.7932692307692307,0.6057692307692307,0.5,0.0017050735242793592,1023,1404,261,210,1143,0.1858974358974359,0.15521064301552107,0.8141025641025641,131070.0,1.3774292836229023,1.2109810233306122,0.00024635531371153263,0.0,0.5427350427350427,30.61965811965812,4662.041310541311,0.5790598290598291
2025-02-23,0.006231138889419154,469,557,33,78,524,0.059245960502693,0.12956810631229235,0.940754039497307,859000.0,1.1918326035529763,0.800427050015975,0.00013038167851631144,0.0,0.4452423698384201,0.48473967684021546,0.07001795332136446,10.91382405745063,0.466786355475763,-0.004032659197335506,186,211,3,0,208,0.014218009478672985,0.0,0.985781990521327,400000.0,1.167106315666775,2.2602088357750447,0.009542344690202764,0.0014057929846194028,0.3459715639810427,0.6540284360189573,0.7819905213270142,0.6066350710900474,0.4928909952606635,-0.0003172724760378874,1089,1397,184,191,1213,0.1317108088761632,0.13603988603988604,0.8682891911238368,128960.0,1.3957259341505832,1.2402633943839307,0.0,0.0,0.5476020042949177,30.658554044380818,4670.941302791696,0.5776664280601288
2025-03-02,0.004970610343108359,435,551,65,71,486,0.11796733212341198,0.12746858168761221,0.8820326678765881,935870.0,1.2987369487732536,0.8798891022159834,0.0003476712219296907,0.00018856060407657083,0.47549909255898365,0.46098003629764067,0.06352087114337568,11.323049001814882,0.4827586206896552,-0.003155558971770122,181,209,3,5,206,0.014354066985645933,0.023696682464454975,0.9856459330143541,401940.0,1.1295423585942412,2.182555273867524,0.006044047505080474,0.00437367580493131,0.3492822966507177,0.6507177033492823,0.7942583732057417,0.6028708133971292,0.5023923444976076,0.0016779447564465658,1094,1450,232,179,1218,0.16,0.12813171080887617,0.84,130900.0,1.4266926891265843,1.276578786977659,0.0,0.0,0.5524137931034483,31.20689655172414,4680.5710344827585,0.5827586206896552
2025-03-09,0.0021769692511470623,384,466,35,120,431,0.07510729613733906,0.2177858439201452,0.924892703862661,811500.0,1.3163585961437025,1.0306592705710662,0.0001276970192192195,6.809206049140926e-05,0.4270386266094421,0.5064377682403434,0.06652360515021459,11.276824034334764,0.4313304721030043,0.004571450717414438,185,210,3,2,207,0.014285714285714285,0.009569377990430622,0.9857142857142858,401730.0,1.151067663382502,2.1720961134972243,0.0019510460028930865,0.00040242921447486424,0.3523809523809524,0.6476190476190476,0.7857142857142857,0.6,0.5047619047619047,-0.005428682522524098,1100,1427,221,244,1206,0.15487035739313246,0.16827586206896553,0.8451296426068675,127460.0,1.4083458015954005,1.2389877699979353,0.0063508839753287916,2.7238862402967357e-05,0.5409950946040645,30.55781359495445,4649.637701471619,0.5746320953048353
2025-03-16,-0.006899021716736794,383,525,97,38,428,0.18476190476190477,0.0815450643776824,0.8152380952380952,1021190.0,1.2547649711660398,0.9867697879629709,0.0036787254757499888,9.13482539939281e-05,0.4380952380952381,0.5085714285714286,0.05333333333333334,11.994285714285715,0.5085714285714286,-0.0014942624765200648,184,211,3,2,208,0.014218009478672985,0.009523809523809525,0.985781990521327,400000.0,1.2144559361736373,1.996380800774982,0.000866833676667067,1.1970664237637152e-05,0.36018957345971564,0.6398104265402843,0.7819905213270142,0.5924170616113744,0.5023696682464455,0.000654063052712416,1095,1413,186,200,1227,0.1316348195329087,0.1401541695865452,0.8683651804670913,127910.0,1.4046434997880866,1.2446634735847482,0.0,0.0,0.5491861288039632,30.67940552016985,4671.450813871196,0.5760792639773531
2025-03-23,-0.0071704500308572726,451,558,52,19,506,0.0931899641577061,0.03619047619047619,0.9068100358422939,1034635.0,1.1973943910272329,0.9489228404402306,0.006935363968416652,0.0006991867688368458,0.45340501792114696,0.5,0.04659498207885305,12.317204301075268,0.53584229390681,-0.01181136908153185,186,209,1,3,208,0.004784688995215311,0.014218009478672985,0.9952153110047847,393350.0,1.1985474588906335,2.025207999106809,0.004368495690002749,0.0007185836083634101,0.36363636363636365,0.6363636363636364,0.7942583732057417,0.5885167464114832,0.5023923444976076,0.004963333202150344,1090,1440,224,197,1216,0.15555555555555556,0.1394196744515216,0.8444444444444444,125815.0,1.3828451723283557,1.2620283979616262,0.006500208528979812,0.0,0.5493055555555556,30.579166666666666,4675.021527777778,0.5722222222222222
2025-03-30,-0.004827082033903773,469,565,43,36,522,0.07610619469026549,0.06451612903225806,0.9238938053097345,1050000.0,1.1577265681013085,0.9459706225915087,0.007162191486126179,0.0007148680746835723,0.45132743362831856,0.49911504424778763,0.049557522123893805,12.578761061946903,0.5504424778761062,-0.006521490791714556,187,211,2,0,209,0.009478672985781991,0.0,0.990521327014218,393390.0,1.2404799476949169,2.0212096356404508,0.00497871809469963,0.0010653444491079966,0.36018957345971564,0.6398104265402843,0.7914691943127962,0.5924170616113744,0.4976303317535545,0.006364185599863559,1075,1406,209,243,1197,0.14864864864864866,0.16875,0.8513513513513513,125600.0,1.432014122079826,1.2768008260611947,0.004140792666031956,0.0,0.5419630156472262,30.209103840682786,4649.754623044097,0.5633001422475107
2025-04-06,-0.005385479972526231,499,595,40,10,555,0.06722689075630252,0.017699115044247787,0.9327731092436975,1050000.0,1.105156806058515,0.920344322505909,0.009642613559432966,0.0009455520364092251,0.46050420168067224,0.49411764705882355,0.0453781512605042,12.778151260504202,0.5747899159663865,-0.002617337241271232,186,221,12,2,209,0.05429864253393665,0.009478672985781991,0.9457013574660633,379910.0,1.2434743957184882,2.0238069750058707,0.006428987733469782,0.0037281328915383938,0.3755656108597285,0.6244343891402715,0.755656108597285,0.5746606334841629,0.5158371040723982,0.0012197404254027716,1011,1345,211,272,1134,0.15687732342007435,0.1934566145092461,0.8431226765799257,137000.0,1.3234512015295472,1.2505996933123913,0.0,0.0,0.5680297397769517,31.070631970260223,4747.593308550186,0.5866171003717472
2025-04-13,-0.0024804948533599046,522,602,19,12,583,0.03156146179401993,0.020168067226890758,0.96843853820598,1051900.0,1.041328637233189,0.9026884475762396,0.005535403853168752,0.0011637090378560089,0.46677740863787376,0.4867109634551495,0.046511627906976744,12.832225913621263,0.5780730897009967,-0.006555231571664423,197,227,7,1,220,0.030837004405286344,0.004524886877828055,0.9691629955947136,365500.0,1.208978658005588,2.050813741105731,0.013719512861451122,0.010428640644933651,0.3656387665198238,0.6343612334801763,0.7400881057268722,0.5682819383259912,0.5154185022026432,0.0004878205051008974,1082,1382,175,138,1207,0.12662807525325614,0.10260223048327137,0.8733719247467439,136080.0,1.3230407538402567,1.2513457517379398,9.401189736468751e-05,0.0,0.5723589001447178,30.95658465991317,4761.29522431259,0.5875542691751086
2025-04-20,-0.005413525249354959,531,630,38,10,592,0.06031746031746032,0.016611295681063124,0.9396825396825397,1030985.0,1.004739371812791,0.8936894210185705,0.011067159200495613,0.0038770429216921087,0.4587301587301587,0.4936507936507937,0.047619047619047616,13.014285714285714,0.5968253968253968,0.0040574672377497855,201,230,5,2,225,0.021739130434782608,0.00881057268722467,0.9782608695652174,360365.0,1.1578971989841094,2.1007006962242674,0.026123121581875353,0.01304948022860053,0.36086956521739133,0.6391304347826087,0.7347826086956522,0.5608695652173913,0.5260869565217391,0.007821943789961958,1055,1419,244,207,1175,0.1719520789288231,0.14978292329956586,0.8280479210711769,138000.0,1.3202159303615666,1.2488183524104814,0.01188552100692597,0.0,0.5715292459478506,31.28541226215645,4759.481324876674,0.5926708949964764
2025-04-27,-0.0022264476968281758,533,647,54,37,593,0.08346213292117466,0.05873015873015873,0.9165378670788253,998990.0,0.9501122615372282,0.8777749605387474,0.0035424666485237566,0.00026663111743019385,0.42967542503863987,0.5301391035548686,0.0401854714064915,13.006182380216384,0.5935085007727975,-0.010810402548366894,200,226,0,4,226,0.0,0.017391304347826087,1.0,376800.0,1.1661544886456383,2.106117569980992,0.014932272841034155,0.0011598663595746572,0.3672566371681416,0.6327433628318584,0.7477876106194691,0.5663716814159292,0.5221238938053098,-0.0001854003295579286,1085,1424,210,205,1214,0.14747191011235955,0.14446793516560957,0.8525280898876404,136900.0,1.3079266589289986,1.2492057914127095,0.0,0.0,0.5849719101123596,31.1811797752809,4780.717696629214,0.5941011235955056
2025-05-04,-0.00534628009469319,558,652,30,25,622,0.046012269938650305,0.03863987635239567,0.9539877300613497,997995.0,0.9375984204879995,0.8716641688940506,0.011080520929538817,0.0024162955014270793,0.4263803680981595,0.5337423312883436,0.03987730061349693,13.104294478527608,0.598159509202454,-0.010201150360102822,199,225,3,4,222,0.013333333333333334,0.017699115044247787,0.9866666666666667,373060.0,1.1264882724957932,2.1228133002014298,0.025121079698361193,0.011768779565096033,0.3688888888888889,0.6311111111111111,0.7511111111111111,0.56,0.5244444444444445,-0.0011539193612034354,1073,1390,195,229,1195,0.14028776978417265,0.16081460674157302,0.8597122302158273,134360.0,1.3200675016823933,1.2323113720125332,0.00020550056584944798,0.0,0.5834532374100719,30.884892086330936,4783.507913669065,0.5920863309352518
2025-05-11,-0.005519432488776772,571,656,20,16,636,0.03048780487804878,0.024539877300613498,0.9695121951219512,976915.0,0.9349338199028896,0.881125497319562,0.014741499998234708,0.004882342206099288,0.4176829268292683,0.5396341463414634,0.042682926829268296,13.085365853658537,0.5899390243902439,0.0037961117775164865,200,223,0,2,223,0.0,0.008888888888888889,1.0,377790.0,1.165358169099143,2.1241271797423624,0.03966276285240511,0.02149502916381074,0.3721973094170404,0.6278026905829597,0.757847533632287,0.5650224215246636,0.5201793721973094,-0.00043168811006372723,994,1360,249,279,1111,0.18308823529411763,0.20071942446043164,0.8169117647058823,129995.0,1.3476795917484043,1.2652246030091565,0.00033489433578370864,7.194503402452312e-05,0.575,30.87205882352941,4750.451470588236,0.5889705882352941
2025-05-18,-0.005923979943715161,576,656,12,12,644,0.018292682926829267,0.018292682926829267,0.9817073170731707,965535.0,0.9244707156859242,0.8670927727077508,0.012163225793784704,0.00624040302202733,0.4192073170731707,0.5426829268292683,0.038109756097560975,13.167682926829269,0.5975609756097561,-0.003383282473712864,198,223,1,1,222,0.004484304932735426,0.004484304932735426,0.9955156950672646,372110.0,1.1516664053346144,2.130511991728876,0.005896150302057812,0.00015730388647039462,0.3721973094170404,0.6278026905829597,0.757847533632287,0.5650224215246636,0.5201793721973094,-0.0007178035476498953,1043,1359,196,197,1163,0.14422369389256806,0.1448529411764706,0.8557763061074319,133570.0,1.3457921254128564,1.2578307666305701,0.0002695627695397107,0.0,0.5835172921265637,31.150846210448858,4771.950699043415,0.5908756438557763
2025-05-25,-0.002530994529235354,569,675,41,22,634,0.06074074074074074,0.03353658536585366,0.9392592592592592,958660.0,0.9439162259785778,0.8689990487918887,0.008895981450662838,0.004018308851014396,0.4,0.5659259259259259,0.034074074074074076,12.971851851851852,0.5703703703703704,0.005337750845499703,198,224,2,1,222,0.008928571428571428,0.004484304932735426,0.9910714285714286,367250.0,1.1984474184335951,2.1282316355766913,0.010915600461683717,0.0034802794560615524,0.3705357142857143,0.6294642857142857,0.75,0.5625,0.5178571428571429,0.002735418540689054,1047,1375,208,192,1167,0.15127272727272728,0.141280353200883,0.8487272727272728,136000.0,1.3374150470382986,1.2312757997843378,0.00018417515585422706,0.0,0.5934545454545455,31.40509090909091,4796.424,0.5956363636363636
2025-06-01,-0.007717144560056358,590,687,26,14,661,0.03784570596797671,0.02074074074074074,0.9621542940320232,937280.0,0.9618707718370381,0.8711832803956622,0.015545457857768952,0.002437932924564734,0.3930131004366812,0.5764192139737991,0.03056768558951965,12.890829694323145,0.5618631732168851,-0.007843122035121147,199,224,3,3,221,0.013392857142857142,0.013392857142857142,0.9866071428571429,366435.0,1.196841704065612,2.1162108171574774,0.016479810177397525,0.0079811483187342,0.3705357142857143,0.6294642857142857,0.7544642857142857,0.5625,0.5223214285714286,-0.0005413270678841594,1061,1377,192,190,1185,0.1394335511982571,0.13818181818181818,0.8605664488017429,132000.0,1.3596697363364854,1.244746243415736,0.0006851974778729897,0.0,0.5824255628177197,31.01379811183733,4763.2135076252725,0.5860566448801743
2025-06-08,-0.005313315324271902,606,688,12,11,676,0.01744186046511628,0.01601164483260553,0.9825581395348837,926082.5,0.975315938534143,0.8727854645077958,0.010879124078733149,0.001635552388811412,0.39098837209302323,0.5770348837209303,0.03197674418604651,12.869186046511627,0.561046511627907,0.0021495923039961656,199,225,4,3,221,0.017777777777777778,0.013392857142857142,0.9822222222222222,370350.0,1.1077403143638023,2.1180405074676383,0.0017199490230481729,0.0013085219345896348,0.37333333333333335,0.6266666666666667,0.7466666666666667,0.56,0.5333333333333333,-0.0002178170964836369,1069,1377,187,187,1190,0.13580246913580246,0.13580246913580246,0.8641975308641975,139000.0,1.3517221368432342,1.2240761054797389,6.102493679804866e-05,0.0,0.5867828612926652,31.446623093681918,4774.541031227306,0.5918663761801016
2025-06-15,-0.003837271850197861,603,714,42,16,672,0.058823529411764705,0.023255813953488372,0.9411764705882353,900698.5,0.9656938742779566,0.8625585107430758,0.007473604505872533,0.0014951777187608428,0.3753501400560224,0.592436974789916,0.03221288515406162,12.8515406162465,0.5602240896358543,-0.0004283439080503749,199,224,2,3,222,0.008928571428571428,0.013333333333333334,0.9910714285714286,370350.0,1.1218556267930264,2.123434619823986,0.006397671599937205,0.004404940648141675,0.36607142857142855,0.6339285714285714,0.7410714285714286,0.5625,0.53125,0.00017935968814843678,1071,1390,198,185,1192,0.14244604316546763,0.13435003631082063,0.8575539568345324,133420.0,1.397819036354914,1.2673051271423579,0.0,0.0,0.5784172661870504,30.687769784172662,4746.961870503597,0.5776978417266188
2025-06-22,-0.005903099326930274,629,703,4,15,699,0.005689900426742532,0.02100840336134454,0.9943100995732574,901080.0,0.9648803607877774,0.8553185907866403,0.011191152729376874,0.001521459203537745,0.3812233285917496,0.5860597439544808,0.032716927453769556,12.910384068278805,0.5647226173541963,0.0005061199882653038,199,221,0,3,221,0.0,0.013392857142857142,1.0,367900.0,1.1378926019855804,2.124277742858408,0.002408933747352293,0.0006714113317887183,0.36199095022624433,0.6380090497737556,0.7420814479638009,0.5701357466063348,0.5339366515837104,0.003864743432477477,1052,1388,213,215,1175,0.15345821325648415,0.15467625899280577,0.8465417867435159,132680.0,1.359575910088628,1.244028835971425,0.00021601575631802206,6.993251515119425e-05,0.5720461095100865,30.914985590778098,4742.749279538905,0.5814121037463977
2025-06-29,,0,0,0,703,0,,1.0,,,,,,,,,,,,,0,0,0,221,0,,1.0,,,,,,,,,,,,,0,0,0,1388,0,,1.0,,,,,,,,,,
2025-07-06,,0,0,0,0,0,,,,,,,,,,,,,,,0,0,0,0,0,,,,,,,,,,,,,,,0,0,0,0,0,,,,,,,,,,,,
2025-07-13,,0,703,703,0,0,1.0,,0.0,893830.0,0.9452419350292711,0.8622538659921373,,,0.36984352773826457,0.5874822190611664,0.04267425320056899,12.987197724039829,0.5746799431009957,,0,220,220,0,0,1.0,,0.0,355355.0,1.1699746933080775,2.159276027199696,,,0.36818181818181817,0.6318181818181818,0.759090909090909,0.5681818181818182,0.5227272727272727,,0,1275,1275,0,0,1.0,,0.0,145000.0,1.285297459782079,1.1910315740324748,,,0.6180392156862745,31.83843137254902,4877.719215686275,0.6007843137254902
2025-07-20,-0.0010773030291428918,623,716,23,10,693,0.03212290502793296,0.01422475106685633,0.9678770949720671,885025.0,0.9522340966852543,0.862952593759991,0.0008826125903951265,0.00017912586625534743,0.3715083798882682,0.5796089385474861,0.04888268156424581,12.921787709497206,0.5684357541899442,-0.000402101656739217,197,222,3,1,219,0.013513513513513514,0.004545454545454545,0.9864864864864865,361300.0,1.1769939937290044,2.1870341067152532,0.00028341405943077547,0.0002389771788173789,0.36486486486486486,0.6351351351351351,0.7522522522522522,0.5630630630630631,0.527027027027027,0.0007141601608025271,890,1364,372,283,992,0.2727272727272727,0.22196078431372548,0.7272727272727273,144745.0,1.3041500097087972,1.2512314689485646,0.0,0.0,0.6048387096774194,32.564516129032256,4834.126832844575,0.5982404692082112
2025-07-27,-0.006141129540585485,632,732,27,11,705,0.036885245901639344,0.015363128491620111,0.9631147540983607,875865.0,0.9719982265050451,0.8516398699268094,0.009853069958161598,8.889810801093745e-05,0.3702185792349727,0.5737704918032787,0.056010928961748634,12.844262295081966,0.5628415300546448,-0.00115544201682746,198,230,10,2,220,0.043478260869565216,0.009009009009009009,0.9565217391304348,363230.0,1.08037547085417,2.392680546106104,0.0009315395154203543,0.0,0.3739130434782609,0.6260869565217392,0.7521739130434782,0.5565217391304348,0.5130434782608696,0.0024834372687100674,918,1390,365,339,1025,0.26258992805755393,0.24853372434017595,0.737410071942446,143000.0,1.3260786040470407,1.2495908548540864,0.0,0.0,0.5992805755395684,32.03884892086331,4810.463309352518,0.5870503597122302
2025-08-03,-0.0022407593890201682,638,726,16,22,710,0.02203856749311295,0.030054644808743168,0.977961432506887,876000.0,0.9740354854478959,0.8559938779626391,0.0036501620945794677,0.0005265891888912577,0.3691460055096419,0.568870523415978,0.06198347107438017,12.834710743801653,0.5578512396694215,0.005948770828119267,201,222,1,9,221,0.0045045045045045045,0.0391304347826087,0.9954954954954955,365680.0,1.1028478274151254,2.3597804079878566,0.019642066931572444,0.010263006148896636,0.38738738738738737,0.6126126126126126,0.7567567567567568,0.5495495495495496,0.5045045045045045,0.003172519745251111,1063,1380,200,210,1180,0.14492753623188406,0.1510791366906475,0.855072463768116,143995.0,1.311011033502778,1.2321331485349232,0.0,0.0,0.6072463768115942,32.44492753623189,4840.010144927536,0.5934782608695652
2025-08-10,-0.004429571927650175,641,728,15,13,713,0.020604395604395604,0.01790633608815427,0.9793956043956044,875975.0,0.9745584667186957,0.8536513750819209,0.008891546541647699,0.0006170173577633165,0.37362637362637363,0.5631868131868132,0.06318681318681318,12.868131868131869,0.5604395604395604,-0.002888912512063388,197,223,5,4,218,0.02242152466367713,0.018018018018018018,0.9775784753363229,375270.0,1.1835491978136474,2.2793656913306437,0.009683653622532429,0.006737875955328931,0.3991031390134529,0.600896860986547,0.7533632286995515,0.5381165919282511,0.49327354260089684,-0.0014233393969688157,1054,1383,207,204,1176,0.14967462039045554,0.14782608695652175,0.8503253796095445,143900.0,1.3159825930602107,1.2198209572565062,7.583057051130382e-05,0.0,0.6124367317425886,32.2588575560376,4842.812725958062,0.5929139551699205
2025-08-17,0.0007526303883068041,630,718,16,26,702,0.022284122562674095,0.03571428571428571,0.9777158774373259,875975.0,0.9807791029793087,0.8451576095845595,0.0012530500365532937,0.0008565404303713109,0.37047353760445684,0.5626740947075209,0.06685236768802229,12.853760445682452,0.5584958217270195,0.0002187393438674654,199,222,1,2,221,0.0045045045045045045,0.008968609865470852,0.9954954954954955,378980.0,1.1825699790087114,2.2613144404442607,0.000867952869416655,2.3395121267810737e-05,0.3963963963963964,0.6036036036036037,0.7522522522522522,0.536036036036036,0.4954954954954955,0.0022323516959730384,1024,1365,224,242,1141,0.1641025641025641,0.1749819233550253,0.8358974358974359,146000.0,1.3112693562265818,1.2181364321183956,6.25801808773474e-05,0.0,0.6212454212454213,33.12673992673993,4870.441025641026,0.6051282051282051
2025-08-24,-0.0020857821606559824,637,734,25,9,709,0.0340599455040872,0.012534818941504178,0.9659400544959128,866448.0,0.9867537300585649,0.8562768234370081,0.0017050011802908216,0.00017174015756538097,0.37193460490463215,0.5640326975476839,0.06403269754768393,12.971389645776567,0.5667574931880109,-0.00025009059648853094,199,221,1,2,220,0.004524886877828055,0.009009009009009009,0.995475113122172,376930.0,1.181494272315728,2.232735527601543,0.00449813319896597,0.0025404263098645075,0.39819004524886875,0.6018099547511312,0.755656108597285,0.5339366515837104,0.497737556561086,0.00029510441943689713,1034,1356,204,213,1152,0.1504424778761062,0.15604395604395604,0.8495575221238938,144945.0,1.3004466702091033,1.2380552952061354,1.8623968143671732e-05,0.0,0.6150442477876106,32.2905604719764,4851.683628318584,0.588495575221239
2025-08-31,-0.003836797013698438,648,740,17,11,723,0.022972972972972974,0.014986376021798364,0.977027027027027,851410.0,0.9752749060803669,0.8530241131999335,0.006399215308561246,0.0004580852118589718,0.3662162162162162,0.5702702702702702,0.06351351351351352,12.877027027027028,0.5648648648648649,-0.003961014870906366,197,226,7,2,219,0.030973451327433628,0.00904977375565611,0.9690265486725663,368275.0,1.1423944468981855,2.2561095042183577,0.0039649601090143705,0.0,0.3893805309734513,0.6106194690265486,0.7433628318584071,0.5398230088495575,0.48672566371681414,-0.0001767809124768627,1056,1370,196,182,1174,0.14306569343065692,0.13421828908554573,0.8569343065693431,144655.0,1.2962264755738513,1.2375410711382806,0.0,0.0,0.6226277372262774,32.731386861313865,4867.745255474452,0.5970802919708029
2025-09-07,-0.0017175809401186967,651,741,15,14,726,0.020242914979757085,0.01891891891891892,0.979757085020243,852610.0,0.9897786625779723,0.8663428518667985,0.0015186651655350047,0.00038210338228150675,0.37112010796221323,0.5695006747638327,0.059379217273954114,12.921727395411606,0.5681511470985156,-0.0004947206300789909,200,227,3,2,224,0.013215859030837005,0.008849557522123894,0.986784140969163,373820.0,1.0749038480964295,2.2488444169471653,0.001578234668944578,1.7252712556370398e-06,0.3876651982378855,0.6123348017621145,0.7400881057268722,0.5506607929515418,0.4801762114537445,0.001574718197441601,1055,1379,203,194,1176,0.14720812182741116,0.1416058394160584,0.8527918781725888,147700.0,1.3070721604018338,1.2412812997160847,0.0,0.0,0.6337926033357505,33.17911530094271,4912.560551124003,0.6055112400290066
2025-09-14,-0.001105954690920045,645,736,18,23,718,0.024456521739130436,0.0310391363022942,0.9755434782608695,844915.0,0.9823232447775663,0.8695637014506681,0.0010229781788453352,0.000295806499647,0.36820652173913043,0.5720108695652174,0.059782608695652176,12.942934782608695,0.5679347826086957,0.005810899611295775,202,229,4,2,225,0.017467248908296942,0.00881057268722467,0.982532751091703,373200.0,1.0622215323704403,2.247885959557084,0.005746472811900105,0.00039170700816981707,0.388646288209607,0.611353711790393,0.7379912663755459,0.5502183406113537,0.48034934497816595,0.001219928882593178,1051,1373,201,207,1172,0.14639475600874,0.15010877447425672,0.85360524399126,147920.0,1.283071239247727,1.1709521349684435,0.0,0.0,0.6387472687545521,33.06190823015295,4914.5593590677345,0.6052439912600146
2025-09-21,-0.0005903245825890178,649,738,17,15,721,0.023035230352303523,0.020380434782608696,0.9769647696476965,841477.5,1.002631407397173,0.8757947235500665,0.001345369733629198,0.0006870491510397869,0.3617886178861789,0.573170731707317,0.06504065040650407,12.925474254742548,0.5677506775067751,-0.0030774549139781135,198,230,8,7,222,0.034782608695652174,0.03056768558951965,0.9652173913043478,367480.0,1.1010023619033884,2.251329176652829,0.00215536331245314,0.00038349086103384167,0.391304347826087,0.6086956521739131,0.7521739130434782,0.5608695652173913,0.48695652173913045,0.00354398912932996,1031,1338,190,225,1148,0.14200298953662183,0.1638747268754552,0.8579970104633782,150000.0,1.296980699569124,1.1670915547656053,5.166204417550446e-05,0.0,0.6449925261584455,32.970104633781766,4931.209267563528,0.6113602391629297
2025-09-28,-0.0010218429999708776,649,733,12,17,721,0.01637107776261937,0.023035230352303523,0.9836289222373806,845090.0,1.0117604988799247,0.8721196430291095,0.0010514715727900636,0.0002516747887923998,0.373806275579809,0.5648021828103683,0.061391541609822645,12.96862210095498,0.5770804911323328,-0.004942085947607517,202,227,2,5,225,0.00881057268722467,0.021739130434782608,0.9911894273127754,370985.0,1.104531359017841,2.278887312818316,0.006488683830790265,0.0017704037137580286,0.3964757709251101,0.6035242290748899,0.7533039647577092,0.5550660792951542,0.4889867841409692,0.015779764859973473,1036,1363,207,182,1156,0.15187087307410124,0.13602391629297458,0.8481291269258987,150000.0,1.2941549131868086,1.1732955246925307,0.031140517268716028,2.833303239224705e-05,0.6272927366104182,32.40939104915627,4880.129860601614,0.5964783565663977
2025-10-05,-0.002693706323725556,649,738,15,10,723,0.02032520325203252,0.013642564802182811,0.9796747967479674,838350.0,1.0211439412949055,0.8854247507717026,0.004439799391845689,0.0003221924274736665,0.36585365853658536,0.5677506775067751,0.06639566395663957,12.86720867208672,0.5704607046070461,0.008551205899152052,201,226,1,2,225,0.004424778761061947,0.00881057268722467,0.995575221238938,379895.0,1.0954751021068443,2.2589906944425047,0.019743979820116664,0.005853451301781831,0.39823008849557523,0.6017699115044248,0.7522123893805309,0.5486725663716814,0.48672566371681414,0.03651505072681297,1009,1335,210,238,1125,0.15730337078651685,0.17461482024944974,0.8426966292134831,157720.0,1.3484389128868841,1.2158081385309707,0.07838452892098324,0.011363758650315248,0.6404494382022472,32.54082397003745,4908.030711610487,0.5932584269662922
2025-10-12,-0.0013638876715410682,648,727,7,18,720,0.009628610729023384,0.024390243902439025,0.9903713892709766,835230.0,1.0001194101745838,0.8880442476418938,0.0009308514821668723,0.00013535304473411003,0.3631361760660248,0.5749656121045392,0.061898211829436035,12.92022008253095,0.5735900962861072,0.00019198441317467638,202,228,2,0,226,0.008771929824561403,0.0,0.9912280701754386,377900.0,1.2031255744209357,2.2521055466676074,0.0006691062420474125,0.0,0.39473684210526316,0.6052631578947368,0.7456140350877193,0.5526315789473685,0.4824561403508772,0.006673203487813891,1045,1302,140,173,1162,0.10752688172043011,0.1295880149812734,0.8924731182795699,162870.0,1.3276511339756016,1.1674777097490083,0.0,0.0,0.6382488479262672,32.634408602150536,4916.507680491552,0.5998463901689708
2025-10-19,0.005216745341583827,645,735,16,8,719,0.021768707482993196,0.011004126547455296,0.9782312925170068,841800.0,1.008803399185922,0.8889986717646502,0.009471488149220164,0.0009074557832935426,0.36462585034013606,0.5727891156462585,0.06258503401360545,12.926530612244898,0.5741496598639456,0.0010841086180463592,201,228,2,2,226,0.008771929824561403,0.008771929824561403,0.9912280701754386,380055.0,1.153343400750913,2.275528004765652,0.0008362051977233165,0.0006682437249869722,0.3991228070175439,0.6008771929824561,0.75,0.543859649122807,0.4868421052631579,0.05741057242703518,972,1257,169,214,1088,0.13444709626093873,0.16436251920122888,0.8655529037390612,179990.0,1.4013229760776689,1.1522120626828698,0.11571378150691558,0.015954461822315302,0.6284805091487669,33.344470962609385,4890.711217183771,0.6030230708035004
2025-10-26,-0.0009011122464342798,649,738,16,13,722,0.02168021680216802,0.017687074829931974,0.978319783197832,839180.0,0.9976708976404005,0.8978857922289913,0.001539550790022215,0.00043570094401257364,0.36585365853658536,0.5718157181571816,0.06233062330623306,12.909214092140921,0.5718157181571816,0.00238834624049745,198,231,9,6,222,0.03896103896103896,0.02631578947368421,0.961038961038961,379070.0,1.1068599735644185,2.27921894709094,0.00024640873894998805,0.0001748269078083453,0.3939393939393939,0.6060606060606061,0.7402597402597403,0.5454545454545454,0.48917748917748916,0.10489999760841136,856,1154,191,294,963,0.1655112651646447,0.23389021479713604,0.8344887348353552,212970.0,1.4238470972566084,1.0938719544680267,0.2172188906407726,0.08005915604292824,0.6048526863084922,34.22357019064125,4820.304159445407,0.5961871750433275
2025-11-02,-0.0020940157829115857,634,723,17,32,706,0.02351313969571231,0.04336043360433604,0.9764868603042877,821900.0,0.9495786855935826,0.9283320244406502,0.005016041100693869,0.0010170669217979267,0.35408022130013833,0.5864453665283541,0.059474412171507604,12.892116182572614,0.5726141078838174,0.0046852097730056014,202,228,2,5,226,0.008771929824561403,0.021645021645021644,0.9912280701754386,380055.0,1.1033265086455337,2.2483813825022563,0.003152065015424199,1.2591647278625828e-05,0.39473684210526316,0.6052631578947368,0.7456140350877193,0.5526315789473685,0.4868421052631579,0.15000019146778212,703,1075,274,353,801,0.25488372093023254,0.30589254766031193,0.7451162790697674,301500.0,1.3975271004457692,1.119670763823201,0.27737046945113697,0.15105391327490025,0.6195348837209302,34.628837209302326,4859.160930232558,0.6018604651162791
2025-11-09,0.005944401116157093,633,727,21,17,706,0.02888583218707015,0.02351313969571231,0.9711141678129298,820710.0,0.9378111013514978,0.9609084894972149,0.010663211472055067,0.0008596313340154538,0.35213204951856947,0.5928473177441541,0.055020632737276476,12.851444291609354,0.5680880330123796,0.012301343248452534,200,230,6,4,224,0.02608695652173913,0.017543859649122806,0.9739130434782609,372495.0,1.063913947338083,2.2506489997827526,0.023017679041741346,0.011435063014700653,0.391304347826087,0.6086956521739131,0.7434782608695653,0.5565217391304348,0.4956521739130435,0.040988091956234755,802,1099,202,178,897,0.18380345768880801,0.1655813953488372,0.816196542311192,322510.0,1.391625093558421,1.1105560874189009,0.07820982783339758,0.005366573654550066,0.6369426751592356,34.62238398544131,4891.657870791629,0.6005459508644222
2025-11-16,0.0044040546796509225,646,737,20,10,717,0.027137042062415198,0.013755158184319119,0.9728629579375848,834190.0,0.9611416784559719,0.9789282528063287,0.010862464192529231,0.002682922085474715,0.3568521031207598,0.5888738127544098,0.054274084124830396,12.896879240162821,0.5712347354138398,0.003775087778940618,202,231,6,5,225,0.025974025974025976,0.021739130434782608,0.974025974025974,379070.0,1.0802784103567973,2.240650974435026,0.010177820781372304,0.000697573055463252,0.39826839826839827,0.6017316017316018,0.7316017316017316,0.5367965367965368,0.49783549783549785,0.09643724581272214,774,1050,183,232,867,0.1742857142857143,0.2111010009099181,0.8257142857142857,354625.0,1.4925729379459636,0.9933339901155309,0.20785119835148258,0.051293294387551924,0.6390476190476191,33.973333333333336,4886.218095238095,0.5952380952380952
2025-11-23,-0.0003148857700413839,651,745,20,12,725,0.026845637583892617,0.016282225237449117,0.9731543624161074,834740.0,0.9718883026724914,0.9513218546586281,0.00014682940285126733,2.5062970713918276e-05,0.3651006711409396,0.5798657718120805,0.05503355704697987,12.954362416107383,0.5731543624161074,0.003972060731821128,199,227,4,8,223,0.01762114537444934,0.03463203463203463,0.9823788546255506,387410.0,1.098425518021715,2.219283252260621,0.00022953815309456616,0.0,0.4008810572687225,0.5991189427312775,0.73568281938326,0.5462555066079295,0.4933920704845815,0.03050784122656125,768,1029,170,191,859,0.1652089407191448,0.1819047619047619,0.8347910592808552,378000.0,1.5206066987274838,1.008112456510573,0.03192018227007054,0.0,0.6345966958211856,33.560738581146744,4869.650145772594,0.5957240038872692
2025-11-30,0.00034575681544127507,648,737,15,23,722,0.0203527815468114,0.03087248322147651,0.9796472184531886,834180.0,0.9643949465483015,0.9284828064626497,0.0002019752655963991,5.2176848045704105e-05,0.36363636363636365,0.5793758480325645,0.05698778833107191,12.960651289009498,0.5739484396200815,0.0011251954247449992,198,226,1,2,225,0.004424778761061947,0.00881057268722467,0.995575221238938,395700.0,1.105976687783052,2.198618843180128,1.740962229845877e-05,0.0,0.4026548672566372,0.5973451327433629,0.7389380530973452,0.5442477876106194,0.48672566371681414,0.01088620670262235,809,1055,152,126,903,0.14407582938388624,0.12244897959183673,0.8559241706161137,383480.0,1.4911583396108803,0.9874196843623537,1.042758304237168e-05,9.276480874120807e-06,0.6322274881516587,33.80663507109005,4858.958293838862,0.5981042654028436
2025-12-07,0.0003569740756914062,645,727,10,20,717,0.013755158184319119,0.027137042062415198,0.9862448418156808,843400.0,0.9492519103215287,0.9541524659140426,0.0003842372373146219,0.00012115888488217763,0.3658872077028886,0.579092159559835,0.055020632737276476,13.0,0.5749656121045392,0.0001418450383115921,200,227,2,1,225,0.00881057268722467,0.004424778761061947,0.9911894273127754,393100.0,1.1610333725225939,2.184461139572372,0.0,0.0,0.4008810572687225,0.5991189427312775,0.73568281938326,0.5462555066079295,0.4845814977973568,0.010772128681529717,827,1044,123,134,921,0.11781609195402298,0.12701421800947868,0.882183908045977,411760.0,1.4641935177368381,0.9725207304875638,4.468281931124807e-05,2.2222469139521195e-05,0.64272030651341,33.752873563218394,4888.000957854406,0.603448275862069
2025-12-14,0.00028473526554570727,643,730,15,12,715,0.02054794520547945,0.016506189821182942,0.9794520547945206,833635.0,0.967635730592983,0.9516208469564705,0.0004692892914439639,0.0002293841046867584,0.3643835616438356,0.5821917808219178,0.05342465753424658,12.984931506849316,0.5712328767123288,0.004120370123011241,199,224,2,5,222,0.008928571428571428,0.022026431718061675,0.9910714285714286,383455.0,1.1168477852087282,2.195506254916757,0.004330007060207919,6.119153293582258e-05,0.40625,0.59375,0.7410714285714286,0.5446428571428571,0.49107142857142855,0.016023300546973828,801,1059,168,153,891,0.15864022662889518,0.14655172413793102,0.8413597733711048,393000.0,1.5574636623772804,0.9731671552658328,0.021075392990693054,0.0004709919513796734,0.6213408876298395,32.06987724268178,4817.8753541076485,0.5854579792256847
2025-12-21,0.0024898716504068675,646,726,8,12,718,0.011019283746556474,0.01643835616438356,0.9889807162534435,822935.0,0.9246680567240233,0.9546856876466437,0.00013963685630979938,7.9319107853415e-05,0.3608815426997245,0.5853994490358126,0.05371900826446281,12.951790633608816,0.5702479338842975,0.004319365646322728,197,226,5,3,221,0.022123893805309734,0.013392857142857142,0.9778761061946902,392625.0,1.0666950252755942,2.20033951770691,0.0,0.0,0.4026548672566372,0.5973451327433629,0.7300884955752213,0.5442477876106194,0.48672566371681414,0.0576487562239618,778,1034,156,181,878,0.15087040618955513,0.17091595845136923,0.8491295938104448,449000.0,1.589243475104558,1.0002072576130072,0.12977604175878144,0.026221218113009037,0.6276595744680851,32.20309477756286,4836.816247582205,0.597678916827853
2025-12-28,0.003349461281178813,644,721,5,10,716,0.006934812760055479,0.013774104683195593,0.9930651872399445,832900.0,0.9332082777340833,0.946746427376957,0.0012221753740826458,0.0001349582613796585,0.3647711511789182,0.579750346740638,0.05547850208044383,12.958391123439666,0.5728155339805825,0.004950278046716552,198,225,6,7,219,0.02666666666666667,0.030973451327433628,0.9733333333333334,405500.0,1.1301029557594813,2.1851180595989272,0.0030902894617517163,6.39175038301687e-05,0.4088888888888889,0.5911111111111111,0.7377777777777778,0.5333333333333333,0.49333333333333335,0.09823510642053712,730,977,154,211,823,0.15762538382804503,0.20406189555125726,0.842374616171955,460000.0,1.6296452649021216,1.000410944550146,0.1992634464253804,0.060273165024428366,0.6151484135107472,31.580348004094166,4787.245649948823,0.579324462640737
2026-01-04,0.003198996848249533,633,727,22,16,705,0.030261348005502064,0.022191400832177532,0.9697386519944979,870560.0,0.9348164227564819,0.9376361147211109,0.0007971445149124179,0.00013124485766269345,0.3741403026134801,0.5722145804676754,0.05364511691884457,13.0,0.5832187070151307,0.005053165721128764,194,223,8,10,215,0.03587443946188341,0.044444444444444446,0.9641255605381166,393000.0,1.1187643937111815,2.1812709925654077,2.562388271343252e-06,0.0,0.39461883408071746,0.6053811659192825,0.7174887892376681,0.5426008968609866,0.4977578475336323,0.03747564004765025,734,922,104,159,818,0.11279826464208242,0.16274309109518936,0.8872017353579176,470000.0,1.5940882286691593,1.0294176649837223,0.07706758470816233,0.00397152069237805,0.6203904555314533,30.88286334056399,4786.4110629067245,0.5704989154013015
2026-01-11,0.006004693334107356,634,721,14,20,707,0.019417475728155338,0.027510316368638238,0.9805825242718447,857500.0,0.9339222796413704,0.9823392317242937,0.011838920439156908,0.0006782075235793883,0.37031900138696255,0.5769764216366158,0.052704576976421634,12.966712898751734,0.5769764216366158,0.0046242471402616276,196,223,4,4,219,0.017937219730941704,0.017937219730941704,0.9820627802690582,408360.0,1.126648707912505,2.158853126788994,0.0005752052075633785,9.647004754320676e-05,0.39461883408071746,0.6053811659192825,0.7130044843049327,0.5426008968609866,0.5022421524663677,0.024709731067984297,700,972,189,139,783,0.19444444444444445,0.15075921908893708,0.8055555555555556,519455.0,1.57960285907566,0.9859648422125157,0.04896774730581477,0.0004931181117786565,0.6275720164609053,31.7119341563786,4817.422839506173,0.5761316872427984
2026-01-18,0.027421860195407544,615,707,21,35,686,0.0297029702970297,0.04854368932038835,0.9702970297029703,867000.0,0.9672531334171115,1.0402298023457217,0.04724241947137964,0.010093902014053135,0.36775106082036774,0.5770862800565771,0.055162659123055166,12.861386138613861,0.5714285714285714,0.005182865329692608,199,225,3,1,222,0.013333333333333334,0.004484304932735426,0.9866666666666667,408140.0,1.1301029557594813,2.173762357465776,0.0035354012940835844,8.628429896972989e-05,0.4,0.6,0.7066666666666667,0.5422222222222223,0.49777777777777776,0.047951863523366695,739,1005,179,146,826,0.1781094527363184,0.15020576131687244,0.8218905472636816,567730.0,1.524049269162827,0.9845004041349259,0.09702758132727451,0.009706318300207961,0.6308457711442786,31.528358208955225,4837.4805970149255,0.5761194029850746
2026-01-25,0.04918412588331267,607,708,28,27,680,0.03954802259887006,0.03818953323903819,0.96045197740113,901095.0,0.9904797638441227,1.070646120582559,0.0947481583594807,0.03146168666933402,0.365819209039548,0.5734463276836158,0.06073446327683616,12.817796610169491,0.5649717514124294,0.004243860449020682,197,226,5,4,221,0.022123893805309734,0.017777777777777778,0.9778761061946902,409840.0,1.1251843494770952,11.354610331278264,0.0008804094612191449,0.00013612850551858457,0.41150442477876104,0.588495575221239,0.7123893805309734,0.5353982300884956,0.4911504424778761,0.02379340235297182,770,1018,159,146,859,0.15618860510805502,0.14527363184079603,0.843811394891945,572390.0,1.5043562507866177,0.9426537544805689,0.037152175790639674,0.0004730237434813489,0.6277013752455796,30.83104125736739,4824.821218074656,0.5677799607072691
2026-02-01,0.06280498053765088,580,695,41,54,654,0.058992805755395686,0.07627118644067797,0.9410071942446043,1001230.0,0.9812481348303379,1.1575921281453343,0.12325912215964152,0.057175339226531285,0.376978417266187,0.5553956834532374,0.06762589928057554,12.746762589928057,0.5611510791366906,0.0028615032196792883,195,224,6,8,218,0.026785714285714284,0.035398230088495575,0.9732142857142857,429880.0,1.141269173824071,2.1389059224604727,0.0010772808358554542,0.0005844489591568802,0.39732142857142855,0.6026785714285714,0.7053571428571429,0.5535714285714286,0.48214285714285715,0.0033650892365146984,780,1020,146,144,874,0.14313725490196078,0.14145383104125736,0.8568627450980392,608280.0,1.4814225931557576,0.9259845452917957,0.0005102305163520171,0.0002905086980300453,0.6333333333333333,30.833333333333332,4831.7,0.5745098039215686
2026-02-08,0.012728461455286999,586,682,25,38,657,0.036656891495601175,0.05467625899280575,0.9633431085043989,1006520.0,1.0083079845309264,1.1563419910238202,0.02820615831252482,0.008141157583699155,0.3680351906158358,0.5645161290322581,0.06744868035190615,12.816715542521994,0.5601173020527859,0.0039492297614951094,197,225,6,5,219,0.02666666666666667,0.022321428571428572,0.9733333333333334,433990.0,1.1492190729517109,13.48016266236914,0.0008231336675983414,0.0,0.4088888888888889,0.5911111111111111,0.7022222222222222,0.5377777777777778,0.48,0.0015537539860174814,758,1004,157,173,847,0.15637450199203187,0.1696078431372549,0.8436254980079682,578495.0,1.4882716753588774,0.8964015906669062,0.00034147190793198945,0.00019721200719757803,0.6304780876494024,30.4402390438247,4819.057768924303,0.5677290836653387
2026-02-15,0.0021888508499061693,586,677,21,26,656,0.0310192023633678,0.03812316715542522,0.9689807976366323,991310.0,0.9782138956457445,1.0550884648334382,0.0034743873119533752,0.001150607332523812,0.37370753323485967,0.5553914327917282,0.07090103397341212,12.893648449039881,0.5627769571639586,0.0012278279090950544,201,230,6,1,224,0.02608695652173913,0.0044444444444444444,0.9739130434782609,440285.0,1.1480412845772943,13.500413664121071,1.0729636756856564e-06,0.0,0.4,0.6,0.6869565217391305,0.5478260869565217,0.49130434782608695,-0.0043826744499060825,793,1045,159,118,886,0.1521531100478469,0.11752988047808766,0.8478468899521531,597630.0,1.4479883502907374,0.9788787663692312,0.0018302375164838125,0.00020087746183339306,0.6382775119617224,30.763636363636362,4848.342911877395,0.5732057416267943
2026-02-22,-0.003938242479267077,595,683,20,14,663,0.029282576866764276,0.0206794682422452,0.9707174231332357,999890.0,0.974514631891715,1.0520893427922458,0.0032620779846981307,0.0001432269023489141,0.3821376281112738,0.5490483162518301,0.06881405563689605,12.96778916544656,0.5666178623718887,0.00025554536653960014,200,221,0,9,221,0.0,0.0391304347826087,1.0,434700.0,1.1542717523778183,2.128950816538598,0.0,0.0,0.4117647058823529,0.5882352941176471,0.6787330316742082,0.5339366515837104,0.4796380090497738,-0.00019493472479768128,844,1051,113,107,938,0.10751665080875357,0.10239234449760766,0.8924833491912464,618560.0,1.4289758806192285,0.9538236974698187,6.725629091253182e-05,1.067252087416648e-05,0.6565176022835395,31.332064700285443,4937.214285714285,0.5870599429115129
2026-03-01,0.0028014537616226935,585,678,24,29,654,0.035398230088495575,0.0424597364568082,0.9646017699115044,997405.0,0.9743619107586898,1.0307101751329477,0.008704910946483402,0.004472719411531045,0.37315634218289084,0.556047197640118,0.07079646017699115,12.842182890855458,0.5575221238938053,0.0011766899796477586,198,228,9,2,219,0.039473684210526314,0.00904977375565611,0.9605263157894737,444270.0,1.1539192456174892,2.2050663499829817,0.0,0.0,0.40789473684210525,0.5921052631578947,0.6666666666666666,0.5350877192982456,0.4956140350877193,-0.0067035364145765376,821,1033,120,138,913,0.11616650532429816,0.1313035204567079,0.8838334946757018,599000.0,1.4500253041585456,0.9732910573721467,0.004166482617533163,0.0001208142884507879,0.6495643756050339,30.813165537270088,4908.852713178295,0.5759922555663117
2026-03-08,-0.009028706947920866,594,694,32,16,662,0.04610951008645533,0.02359882005899705,0.9538904899135446,1011370.0,0.9556580499608387,1.0154305149144072,0.014902707705001905,0.001691477819073306,0.37896253602305474,0.5547550432276657,0.06628242074927954,12.961095100864553,0.569164265129683,-0.0008957137595119954,198,226,4,6,222,0.017699115044247787,0.02631578947368421,0.9823008849557522,437995.0,1.1647261899279613,2.214325313793777,0.0006800151376502583,0.0,0.40707964601769914,0.5929203539823009,0.6592920353982301,0.5353982300884956,0.48672566371681414,-0.002104571032113455,821,1019,104,118,915,0.10206084396467124,0.11423039690222653,0.8979391560353287,597640.0,1.4276630777671748,0.9958448732593697,0.000995519002469969,2.671011512234145e-05,0.6545632973503435,30.883218842001963,4914.286836935167,0.5760549558390579
2026-03-15,-0.007264993823916316,609,690,13,17,677,0.01884057971014493,0.024495677233429394,0.981159420289855,1023190.0,0.9597935684710865,1.0123544905060466,0.010965595720572097,0.0016476622208756453,0.3826086956521739,0.553623188405797,0.06376811594202898,13.030434782608696,0.572463768115942,0.0004167269992079439,198,224,2,4,222,0.008928571428571428,0.017699115044247787,0.9910714285714286,443935.0,1.1749456951392787,12.880357636927316,2.51919829064029e-05,4.065042311651723e-07,0.41517857142857145,0.5848214285714286,0.6651785714285714,0.5267857142857143,0.48214285714285715,-0.0024763339847882503,787,1024,148,143,876,0.14453125,0.14033366045142295,0.85546875,578215.0,1.445815278632832,0.9946015701393112,0.0011468161947489897,2.7744558379616535e-05,0.642578125,30.474609375,4880.620723362659,0.568359375
2026-03-22,-0.0046155929939253265,608,687,11,14,676,0.01601164483260553,0.020289855072463767,0.9839883551673945,999000.0,0.9598683659525058,1.0114042707423423,0.007954060271017305,0.0016243866539635832,0.3799126637554585,0.5545851528384279,0.06550218340611354,12.973799126637555,0.5720524017467249,-0.00026605617649464006,200,224,3,3,221,0.013392857142857142,0.013392857142857142,0.9866071428571429,445300.0,1.1689146892748,2.2024113935551273,0.0005880532512385628,0.0,0.4107142857142857,0.5892857142857143,0.6651785714285714,0.53125,0.48214285714285715,-0.0020273042238558975,827,1028,108,104,920,0.10505836575875487,0.1015625,0.8949416342412452,564495.0,1.419653735949666,1.0321317619824741,0.0013973332825116813,5.7125073440467133e-05,0.6391050583657587,30.250972762645915,4870.308666017527,0.5651750972762646
2026-03-29,-0.00781098615736421,609,690,11,8,679,0.015942028985507246,0.011644832605531296,0.9840579710144928,981825.0,1.0030257525050121,1.037536843806889,0.016525070814377152,0.0037477553627702775,0.3826086956521739,0.5478260869565217,0.06956521739130435,13.013043478260869,0.572463768115942,4.981923970071915e-05,199,234,11,1,223,0.04700854700854701,0.004464285714285714,0.9529914529914529,440510.0,1.0822243024465354,12.448183067683585,0.003455982915562039,0.0009500897170227063,0.3974358974358974,0.6025641025641025,0.6752136752136753,0.5470085470085471,0.4700854700854701,-0.00047842887326938826,821,1034,120,114,914,0.11605415860735009,0.11089494163424124,0.8839458413926499,579300.0,1.4169133009594468,1.0232457169900095,0.0015148111412219833,0.00043171315408851996,0.6431334622823984,30.500967117988395,4886.4249757986445,0.5735009671179884
2026-04-05,,0,0,0,690,0,,1.0,,,,,,,,,,,,,0,0,0,234,0,,1.0,,,,,,,,,,,,,0,0,0,1034,0,,1.0,,,,,,,,,,
