date,chip_perf_group,active_product_n,new_product_n,new_product_share,log_active_product_n,adj_n,bridge_n,bridge_ratio
2024-03-10,high,365,365.0,1.0,5.902633333401366,365,0,0.0
2024-03-10,low,60,60.0,1.0,4.110873864173311,60,0,0.0
2024-03-10,mid,295,295.0,1.0,5.69035945432406,295,0,0.0
2024-03-17,high,372,16.0,0.043010752688172046,5.921578419643816,372,2,0.005376344086021506
2024-03-17,low,62,2.0,0.03225806451612903,4.143134726391533,62,0,0.0
2024-03-17,mid,298,13.0,0.0436241610738255,5.700443573390687,298,3,0.010067114093959731
2024-03-24,high,366,7.0,0.01912568306010929,5.905361848054571,366,5,0.01366120218579235
2024-03-24,low,62,0.0,0.0,4.143134726391533,62,1,0.016129032258064516
2024-03-24,mid,298,8.0,0.026845637583892617,5.700443573390687,298,3,0.010067114093959731
2024-03-31,high,369,8.0,0.02168021680216802,5.91350300563827,369,2,0.005420054200542005
2024-03-31,low,62,2.0,0.03225806451612903,4.143134726391533,62,0,0.0
2024-03-31,mid,298,1.0,0.003355704697986577,5.700443573390687,298,2,0.006711409395973154
2024-04-07,high,376,9.0,0.023936170212765957,5.932245187448011,376,2,0.005319148936170213
2024-04-07,low,62,3.0,0.04838709677419355,4.143134726391533,62,1,0.016129032258064516
2024-04-07,mid,304,11.0,0.03618421052631579,5.720311776607412,304,1,0.003289473684210526
2024-04-14,high,373,5.0,0.013404825737265416,5.924255797414532,373,2,0.005361930294906166
2024-04-14,low,62,0.0,0.0,4.143134726391533,62,1,0.016129032258064516
2024-04-14,mid,302,5.0,0.016556291390728478,5.713732805509369,302,1,0.0033112582781456954
2024-04-21,high,374,7.0,0.01871657754010695,5.926926025970411,374,5,0.013368983957219251
2024-04-21,low,64,4.0,0.0625,4.174387269895637,64,1,0.015625
2024-04-21,mid,295,2.0,0.006779661016949152,5.69035945432406,295,4,0.013559322033898305
2024-04-28,high,381,6.0,0.015748031496062992,5.945420608606575,381,1,0.0026246719160104987
2024-04-28,low,62,2.0,0.03225806451612903,4.143134726391533,62,2,0.03225806451612903
2024-04-28,mid,304,9.0,0.029605263157894735,5.720311776607412,304,1,0.003289473684210526
2024-05-05,high,384,16.0,0.041666666666666664,5.953243334287785,384,4,0.010416666666666666
2024-05-05,low,61,1.0,0.01639344262295082,4.127134385045092,61,1,0.01639344262295082
2024-05-05,mid,298,3.0,0.010067114093959731,5.700443573390687,298,0,0.0
2024-05-12,high,387,9.0,0.023255813953488372,5.961005339623274,387,5,0.012919896640826873
2024-05-12,low,62,1.0,0.016129032258064516,4.143134726391533,62,0,0.0
2024-05-12,mid,295,5.0,0.01694915254237288,5.69035945432406,295,6,0.020338983050847456
2024-05-19,high,383,3.0,0.007832898172323759,5.950642552587727,383,2,0.005221932114882507
2024-05-19,low,58,0.0,0.0,4.07753744390572,58,0,0.0
2024-05-19,mid,296,3.0,0.010135135135135136,5.6937321388027,296,1,0.0033783783783783786
2024-05-26,high,390,5.0,0.01282051282051282,5.968707559985366,390,5,0.01282051282051282
2024-05-26,low,59,2.0,0.03389830508474576,4.0943445622221,59,2,0.03389830508474576
2024-05-26,mid,292,2.0,0.00684931506849315,5.680172609017068,292,4,0.0136986301369863
2024-06-02,high,385,2.0,0.005194805194805195,5.955837369464831,385,2,0.005194805194805195
2024-06-02,low,60,0.0,0.0,4.110873864173311,60,0,0.0
2024-06-02,mid,290,1.0,0.0034482758620689655,5.673323267171493,290,1,0.0034482758620689655
2024-06-09,high,387,3.0,0.007751937984496124,5.961005339623274,387,3,0.007751937984496124
2024-06-09,low,58,1.0,0.017241379310344827,4.07753744390572,58,1,0.017241379310344827
2024-06-09,mid,288,3.0,0.010416666666666666,5.666426688112432,288,7,0.024305555555555556
2024-06-16,high,385,0.0,0.0,5.955837369464831,385,3,0.007792207792207792
2024-06-16,low,58,1.0,0.017241379310344827,4.07753744390572,58,4,0.06896551724137931
2024-06-16,mid,293,0.0,0.0,5.683579767338681,293,6,0.020477815699658702
2024-06-23,high,384,1.0,0.0026041666666666665,5.953243334287785,384,4,0.010416666666666666
2024-06-23,low,60,0.0,0.0,4.110873864173311,60,1,0.016666666666666666
2024-06-23,mid,297,3.0,0.010101010101010102,5.697093486505405,297,1,0.003367003367003367
2024-06-30,high,379,0.0,0.0,5.940171252720432,379,2,0.005277044854881266
2024-06-30,low,62,0.0,0.0,4.143134726391533,62,1,0.016129032258064516
2024-06-30,mid,304,4.0,0.013157894736842105,5.720311776607412,304,2,0.006578947368421052
2024-07-07,high,380,4.0,0.010526315789473684,5.942799375126701,380,3,0.007894736842105263
2024-07-07,low,61,0.0,0.0,4.127134385045092,61,0,0.0
2024-07-07,mid,304,3.0,0.009868421052631578,5.720311776607412,304,3,0.009868421052631578
2024-07-14,high,380,2.0,0.005263157894736842,5.942799375126701,380,3,0.007894736842105263
2024-07-14,low,59,0.0,0.0,4.0943445622221,59,2,0.03389830508474576
2024-07-14,mid,308,5.0,0.016233766233766232,5.733341276897746,308,5,0.016233766233766232
2024-07-21,high,379,0.0,0.0,5.940171252720432,379,4,0.010554089709762533
2024-07-21,low,60,0.0,0.0,4.110873864173311,60,1,0.016666666666666666
2024-07-21,mid,308,4.0,0.012987012987012988,5.733341276897746,308,4,0.012987012987012988
2024-07-28,high,384,2.0,0.005208333333333333,5.953243334287785,384,1,0.0026041666666666665
2024-07-28,low,60,1.0,0.016666666666666666,4.110873864173311,60,1,0.016666666666666666
2024-07-28,mid,308,2.0,0.006493506493506494,5.733341276897746,308,4,0.012987012987012988
2024-08-04,high,367,2.0,0.005449591280653951,5.908082938168931,367,0,0.0
2024-08-04,low,57,0.0,0.0,4.060443010546419,57,0,0.0
2024-08-04,mid,305,8.0,0.02622950819672131,5.723585101952381,305,4,0.013114754098360656
2024-08-11,high,365,3.0,0.00821917808219178,5.902633333401366,365,0,0.0
2024-08-11,low,57,1.0,0.017543859649122806,4.060443010546419,57,0,0.0
2024-08-11,mid,316,4.0,0.012658227848101266,5.75890177387728,316,0,0.0
2024-08-18,high,357,2.0,0.0056022408963585435,5.8805329864007,357,0,0.0
2024-08-18,low,55,0.0,0.0,4.02535169073515,55,0,0.0
2024-08-18,mid,307,4.0,0.013029315960912053,5.730099782973574,307,1,0.003257328990228013
2024-08-25,high,358,3.0,0.008379888268156424,5.883322388488279,358,0,0.0
2024-08-25,low,54,0.0,0.0,4.007333185232471,54,1,0.018518518518518517
2024-08-25,mid,304,3.0,0.009868421052631578,5.720311776607412,304,2,0.006578947368421052
2024-09-01,high,363,14.0,0.03856749311294766,5.8971538676367405,363,1,0.0027548209366391185
2024-09-01,low,54,0.0,0.0,4.007333185232471,54,0,0.0
2024-09-01,mid,308,7.0,0.022727272727272728,5.733341276897746,308,1,0.003246753246753247
2024-09-08,high,362,4.0,0.011049723756906077,5.8944028342648505,362,2,0.0055248618784530384
2024-09-08,low,50,0.0,0.0,3.9318256327243257,50,0,0.0
2024-09-08,mid,309,3.0,0.009708737864077669,5.736572297479192,309,0,0.0
2024-09-15,high,359,5.0,0.013927576601671309,5.886104031450156,359,0,0.0
2024-09-15,low,51,0.0,0.0,3.9512437185814275,51,1,0.0196078431372549
2024-09-15,mid,314,4.0,0.012738853503184714,5.752572638825633,314,1,0.0031847133757961785
2024-09-22,high,355,1.0,0.0028169014084507044,5.87493073085203,355,1,0.0028169014084507044
2024-09-22,low,52,1.0,0.019230769230769232,3.970291913552122,52,0,0.0
2024-09-22,mid,319,4.0,0.012539184952978056,5.768320995793772,319,1,0.003134796238244514
2024-09-29,high,350,1.0,0.002857142857142857,5.860786223465865,350,0,0.0
2024-09-29,low,52,0.0,0.0,3.970291913552122,52,0,0.0
2024-09-29,mid,316,1.0,0.0031645569620253164,5.75890177387728,316,1,0.0031645569620253164
2024-10-06,high,357,5.0,0.014005602240896359,5.8805329864007,357,2,0.0056022408963585435
2024-10-06,low,49,0.0,0.0,3.912023005428146,49,1,0.02040816326530612
2024-10-06,mid,318,4.0,0.012578616352201259,5.765191102784844,318,1,0.0031446540880503146
2024-10-13,high,348,0.0,0.0,5.855071922202427,348,1,0.0028735632183908046
2024-10-13,low,48,0.0,0.0,3.8918202981106265,48,1,0.020833333333333332
2024-10-13,mid,317,2.0,0.006309148264984227,5.762051382780177,317,2,0.006309148264984227
2024-10-20,high,344,2.0,0.005813953488372093,5.84354441703136,344,3,0.00872093023255814
2024-10-20,low,45,0.0,0.0,3.828641396489095,45,1,0.022222222222222223
2024-10-20,mid,316,3.0,0.00949367088607595,5.75890177387728,316,1,0.0031645569620253164
2024-10-27,high,345,0.0,0.0,5.846438775057725,345,0,0.0
2024-10-27,low,45,0.0,0.0,3.828641396489095,45,0,0.0
2024-10-27,mid,318,4.0,0.012578616352201259,5.765191102784844,318,2,0.006289308176100629
2024-11-03,high,348,6.0,0.017241379310344827,5.855071922202427,348,1,0.0028735632183908046
2024-11-03,low,44,0.0,0.0,3.8066624897703196,44,0,0.0
2024-11-03,mid,324,9.0,0.027777777777777776,5.783825182329737,324,1,0.0030864197530864196
2024-11-10,high,348,5.0,0.014367816091954023,5.855071922202427,348,0,0.0
2024-11-10,low,41,0.0,0.0,3.7376696182833684,41,1,0.024390243902439025
2024-11-10,mid,322,0.0,0.0,5.777652323222656,322,2,0.006211180124223602
2024-11-17,high,350,2.0,0.005714285714285714,5.860786223465865,350,0,0.0
2024-11-17,low,42,1.0,0.023809523809523808,3.7612001156935624,42,0,0.0
2024-11-17,mid,324,4.0,0.012345679012345678,5.783825182329737,324,1,0.0030864197530864196
2024-11-24,high,352,4.0,0.011363636363636364,5.8664680569332965,352,2,0.005681818181818182
2024-11-24,low,42,2.0,0.047619047619047616,3.7612001156935624,42,0,0.0
2024-11-24,mid,323,7.0,0.021671826625386997,5.780743515792329,323,1,0.0030959752321981426
2024-12-01,high,360,5.0,0.013888888888888888,5.8888779583328805,360,0,0.0
2024-12-01,low,45,2.0,0.044444444444444446,3.828641396489095,45,1,0.022222222222222223
2024-12-01,mid,315,3.0,0.009523809523809525,5.755742213586912,315,3,0.009523809523809525
2024-12-08,high,358,1.0,0.002793296089385475,5.883322388488279,358,0,0.0
2024-12-08,low,45,1.0,0.022222222222222223,3.828641396489095,45,0,0.0
2024-12-08,mid,314,1.0,0.0031847133757961785,5.752572638825633,314,0,0.0
2024-12-15,high,349,1.0,0.0028653295128939827,5.857933154483459,349,0,0.0
2024-12-15,low,40,0.0,0.0,3.713572066704308,40,0,0.0
2024-12-15,mid,310,2.0,0.0064516129032258064,5.739792912179234,310,2,0.0064516129032258064
2024-12-22,high,348,5.0,0.014367816091954023,5.855071922202427,348,2,0.005747126436781609
2024-12-22,low,38,0.0,0.0,3.6635616461296463,38,1,0.02631578947368421
2024-12-22,mid,300,0.0,0.0,5.707110264748875,300,1,0.0033333333333333335
2024-12-29,high,338,1.0,0.0029585798816568047,5.82600010738045,338,1,0.0029585798816568047
2024-12-29,low,37,0.0,0.0,3.6375861597263857,37,1,0.02702702702702703
2024-12-29,mid,299,4.0,0.013377926421404682,5.703782474656201,299,5,0.016722408026755852
2025-01-05,high,330,1.0,0.0030303030303030303,5.802118375377063,330,1,0.0030303030303030303
2025-01-05,low,39,2.0,0.05128205128205128,3.6888794541139363,39,2,0.05128205128205128
2025-01-05,mid,293,1.0,0.0034129692832764505,5.683579767338681,293,1,0.0034129692832764505
2025-01-12,high,309,4.0,0.012944983818770227,5.736572297479192,309,1,0.003236245954692557
2025-01-12,low,40,1.0,0.025,3.713572066704308,40,0,0.0
2025-01-12,mid,292,1.0,0.003424657534246575,5.680172609017068,292,1,0.003424657534246575
2025-01-19,high,311,7.0,0.022508038585209004,5.7430031878094825,311,1,0.003215434083601286
2025-01-19,low,43,2.0,0.046511627906976744,3.784189633918261,43,2,0.046511627906976744
2025-01-19,mid,284,8.0,0.028169014084507043,5.652489180268651,284,0,0.0
2025-01-26,high,310,3.0,0.00967741935483871,5.739792912179234,310,1,0.0032258064516129032
2025-01-26,low,39,0.0,0.0,3.6888794541139363,39,0,0.0
2025-01-26,mid,273,2.0,0.007326007326007326,5.6131281063880705,273,2,0.007326007326007326
2025-02-02,high,309,4.0,0.012944983818770227,5.736572297479192,309,0,0.0
2025-02-02,low,39,0.0,0.0,3.6888794541139363,39,0,0.0
2025-02-02,mid,274,6.0,0.021897810218978103,5.616771097666572,274,0,0.0
2025-02-09,high,286,0.0,0.0,5.659482215759621,286,0,0.0
2025-02-09,low,38,0.0,0.0,3.6635616461296463,38,0,0.0
2025-02-09,mid,259,0.0,0.0,5.560681631015528,259,0,0.0
2025-02-16,high,270,11.0,0.040740740740740744,5.602118820879701,270,4,0.014814814814814815
2025-02-16,low,40,0.0,0.0,3.713572066704308,40,1,0.025
2025-02-16,mid,258,0.0,0.0,5.556828061699537,258,6,0.023255813953488372
2025-02-23,high,231,9.0,0.03896103896103896,5.44673737166631,231,0,0.0
2025-02-23,low,37,0.0,0.0,3.6375861597263857,37,0,0.0
2025-02-23,mid,256,8.0,0.03125,5.54907608489522,256,3,0.01171875
2025-03-02,high,208,15.0,0.07211538461538461,5.342334251964811,208,4,0.019230769230769232
2025-03-02,low,34,2.0,0.058823529411764705,3.5553480614894135,34,0,0.0
2025-03-02,mid,244,6.0,0.02459016393442623,5.501258210544727,244,2,0.00819672131147541
2025-03-09,high,179,45.0,0.25139664804469275,5.19295685089021,179,2,0.0111731843575419
2025-03-09,low,30,1.0,0.03333333333333333,3.4339872044851463,30,0,0.0
2025-03-09,mid,222,6.0,0.02702702702702703,5.407171771460119,222,2,0.009009009009009009
2025-03-16,high,180,17.0,0.09444444444444444,5.198497031265826,180,6,0.03333333333333333
2025-03-16,low,28,0.0,0.0,3.367295829986474,28,0,0.0
2025-03-16,mid,220,7.0,0.031818181818181815,5.3981627015177525,220,0,0.0
2025-03-23,high,218,40.0,0.1834862385321101,5.389071729816501,218,2,0.009174311926605505
2025-03-23,low,25,0.0,0.0,3.258096538021482,25,0,0.0
2025-03-23,mid,263,42.0,0.1596958174904943,5.575949103146316,263,2,0.0076045627376425855
2025-03-30,high,228,19.0,0.08333333333333333,5.43372200355424,228,3,0.013157894736842105
2025-03-30,low,25,1.0,0.04,3.258096538021482,25,0,0.0
2025-03-30,mid,269,6.0,0.022304832713754646,5.598421958998375,269,0,0.0
2025-04-06,high,253,21.0,0.08300395256916997,5.537334267018537,253,3,0.011857707509881422
2025-04-06,low,25,0.0,0.0,3.258096538021482,25,1,0.04
2025-04-06,mid,277,11.0,0.039711191335740074,5.627621113690637,277,2,0.007220216606498195
2025-04-13,high,269,16.0,0.05947955390334572,5.598421958998375,269,0,0.0
2025-04-13,low,27,0.0,0.0,3.332204510175204,27,0,0.0
2025-04-13,mid,287,13.0,0.04529616724738676,5.662960480135946,287,1,0.003484320557491289
2025-04-20,high,277,9.0,0.032490974729241874,5.627621113690637,277,1,0.0036101083032490976
2025-04-20,low,28,0.0,0.0,3.367295829986474,28,0,0.0
2025-04-20,mid,287,3.0,0.010452961672473868,5.662960480135946,287,0,0.0
2025-04-27,high,271,5.0,0.01845018450184502,5.605802066295998,271,0,0.0
2025-04-27,low,26,0.0,0.0,3.295836866004329,26,0,0.0
2025-04-27,mid,296,23.0,0.0777027027027027,5.6937321388027,296,0,0.0
2025-05-04,high,267,2.0,0.00749063670411985,5.5909869805108565,267,0,0.0
2025-05-04,low,24,0.0,0.0,3.2188758248682006,24,0,0.0
2025-05-04,mid,331,43.0,0.1299093655589124,5.805134968916488,331,0,0.0
2025-05-11,high,272,6.0,0.022058823529411766,5.60947179518496,272,0,0.0
2025-05-11,low,26,1.0,0.038461538461538464,3.295836866004329,26,0,0.0
2025-05-11,mid,338,14.0,0.04142011834319527,5.82600010738045,338,0,0.0
2025-05-18,high,271,1.0,0.0036900369003690036,5.605802066295998,271,1,0.0036900369003690036
2025-05-18,low,25,1.0,0.04,3.258096538021482,25,0,0.0
2025-05-18,mid,348,13.0,0.03735632183908046,5.855071922202427,348,0,0.0
2025-05-25,high,266,2.0,0.007518796992481203,5.58724865840025,266,0,0.0
2025-05-25,low,23,0.0,0.0,3.1780538303479458,23,0,0.0
2025-05-25,mid,345,6.0,0.017391304347826087,5.846438775057725,345,1,0.002898550724637681
2025-06-01,high,267,4.0,0.0149812734082397,5.5909869805108565,267,0,0.0
2025-06-01,low,21,0.0,0.0,3.091042453358316,21,0,0.0
2025-06-01,mid,373,34.0,0.09115281501340483,5.924255797414532,373,1,0.002680965147453083
2025-06-08,high,266,1.0,0.0037593984962406013,5.58724865840025,266,0,0.0
2025-06-08,low,20,0.0,0.0,3.044522437723423,20,0,0.0
2025-06-08,mid,390,22.0,0.05641025641025641,5.968707559985366,390,1,0.002564102564102564
2025-06-15,high,263,2.0,0.0076045627376425855,5.575949103146316,263,0,0.0
2025-06-15,low,21,1.0,0.047619047619047616,3.091042453358316,21,0,0.0
2025-06-15,mid,388,4.0,0.010309278350515464,5.963579343618446,388,0,0.0
2025-06-22,high,266,3.0,0.011278195488721804,5.58724865840025,266,0,0.0
2025-06-22,low,22,0.0,0.0,3.1354942159291497,22,0,0.0
2025-06-22,mid,411,33.0,0.08029197080291971,6.021023349349527,411,0,0.0
2025-07-20,high,260,9.0,0.03461538461538462,5.564520407322694,260,0,0.0
2025-07-20,low,29,14.0,0.4827586206896552,3.4011973816621555,29,0,0.0
2025-07-20,mid,404,20.0,0.04950495049504951,6.003887067106539,404,0,0.0
2025-07-27,high,264,5.0,0.01893939393939394,5.579729825986222,264,0,0.0
2025-07-27,low,35,4.0,0.11428571428571428,3.58351893845611,35,0,0.0
2025-07-27,mid,406,4.0,0.009852216748768473,6.008813185442595,406,1,0.0024630541871921183
2025-08-03,high,263,5.0,0.019011406844106463,5.575949103146316,263,0,0.0
2025-08-03,low,40,5.0,0.125,3.713572066704308,40,0,0.0
2025-08-03,mid,407,9.0,0.022113022113022112,6.0112671744041615,407,1,0.002457002457002457
2025-08-10,high,265,3.0,0.011320754716981131,5.583496308781699,265,2,0.007547169811320755
2025-08-10,low,43,4.0,0.09302325581395349,3.784189633918261,43,1,0.023255813953488372
2025-08-10,mid,405,1.0,0.0024691358024691358,6.0063531596017325,405,2,0.0049382716049382715
2025-08-17,high,261,3.0,0.011494252873563218,5.568344503761097,261,0,0.0
2025-08-17,low,43,1.0,0.023255813953488372,3.784189633918261,43,1,0.023255813953488372
2025-08-17,mid,398,1.0,0.002512562814070352,5.988961416889864,398,2,0.005025125628140704
2025-08-24,high,262,3.0,0.011450381679389313,5.572154032177765,262,1,0.003816793893129771
2025-08-24,low,45,2.0,0.044444444444444446,3.828641396489095,45,0,0.0
2025-08-24,mid,402,0.0,0.0,5.998936561946683,402,1,0.0024875621890547263
2025-08-31,high,267,7.0,0.026217228464419477,5.5909869805108565,267,3,0.011235955056179775
2025-08-31,low,46,2.0,0.043478260869565216,3.8501476017100584,46,1,0.021739130434782608
2025-08-31,mid,410,9.0,0.02195121951219512,6.018593214496234,410,0,0.0
2025-09-07,high,267,0.0,0.0,5.5909869805108565,267,0,0.0
2025-09-07,low,44,0.0,0.0,3.8066624897703196,44,0,0.0
2025-09-07,mid,415,8.0,0.01927710843373494,6.030685260261263,415,1,0.0024096385542168677
2025-09-14,high,264,4.0,0.015151515151515152,5.579729825986222,264,0,0.0
2025-09-14,low,41,0.0,0.0,3.7376696182833684,41,0,0.0
2025-09-14,mid,413,2.0,0.004842615012106538,6.025865973825314,413,2,0.004842615012106538
2025-09-21,high,265,0.0,0.0,5.583496308781699,265,1,0.0037735849056603774
2025-09-21,low,42,0.0,0.0,3.7612001156935624,42,1,0.023809523809523808
2025-09-21,mid,414,4.0,0.00966183574879227,6.028278520230698,414,2,0.004830917874396135
2025-09-28,high,265,1.0,0.0037735849056603774,5.583496308781699,265,1,0.0037735849056603774
2025-09-28,low,44,1.0,0.022727272727272728,3.8066624897703196,44,1,0.022727272727272728
2025-09-28,mid,412,3.0,0.007281553398058253,6.023447592961033,412,0,0.0
2025-10-05,high,269,0.0,0.0,5.598421958998375,269,0,0.0
2025-10-05,low,44,0.0,0.0,3.8066624897703196,44,2,0.045454545454545456
2025-10-05,mid,410,1.0,0.0024390243902439024,6.018593214496234,410,4,0.00975609756097561
2025-10-12,high,263,0.0,0.0,5.575949103146316,263,0,0.0
2025-10-12,low,45,1.0,0.022222222222222223,3.828641396489095,45,0,0.0
2025-10-12,mid,412,2.0,0.0048543689320388345,6.023447592961033,412,2,0.0048543689320388345
2025-10-19,high,263,0.0,0.0,5.575949103146316,263,1,0.0038022813688212928
2025-10-19,low,44,0.0,0.0,3.8066624897703196,44,0,0.0
2025-10-19,mid,412,0.0,0.0,6.023447592961033,412,0,0.0
2025-10-26,high,265,0.0,0.0,5.583496308781699,265,0,0.0
2025-10-26,low,44,2.0,0.045454545454545456,3.8066624897703196,44,0,0.0
2025-10-26,mid,413,7.0,0.01694915254237288,6.025865973825314,413,1,0.002421307506053269
2025-11-02,high,253,1.0,0.003952569169960474,5.537334267018537,253,0,0.0
2025-11-02,low,41,0.0,0.0,3.7376696182833684,41,1,0.024390243902439025
2025-11-02,mid,412,2.0,0.0048543689320388345,6.023447592961033,412,4,0.009708737864077669
2025-11-09,high,248,2.0,0.008064516129032258,5.517452896464707,248,1,0.004032258064516129
2025-11-09,low,39,1.0,0.02564102564102564,3.6888794541139363,39,0,0.0
2025-11-09,mid,419,3.0,0.007159904534606206,6.040254711277414,419,1,0.002386634844868735
2025-11-16,high,253,6.0,0.023715415019762844,5.537334267018537,253,5,0.019762845849802372
2025-11-16,low,38,0.0,0.0,3.6635616461296463,38,2,0.05263157894736842
2025-11-16,mid,426,9.0,0.02112676056338028,6.056784013228625,426,1,0.002347417840375587
2025-11-23,high,259,2.0,0.007722007722007722,5.560681631015528,259,0,0.0
2025-11-23,low,38,0.0,0.0,3.6635616461296463,38,1,0.02631578947368421
2025-11-23,mid,428,3.0,0.007009345794392523,6.061456918928017,428,0,0.0
2025-11-30,high,259,4.0,0.015444015444015444,5.560681631015528,259,2,0.007722007722007722
2025-11-30,low,40,1.0,0.025,3.713572066704308,40,0,0.0
2025-11-30,mid,423,2.0,0.004728132387706856,6.049733455231958,423,1,0.002364066193853428
2025-12-07,high,260,1.0,0.0038461538461538464,5.564520407322694,260,1,0.0038461538461538464
2025-12-07,low,40,0.0,0.0,3.713572066704308,40,0,0.0
2025-12-07,mid,417,0.0,0.0,6.035481432524756,417,0,0.0
2025-12-14,high,260,1.0,0.0038461538461538464,5.564520407322694,260,1,0.0038461538461538464
2025-12-14,low,39,0.0,0.0,3.6888794541139363,39,0,0.0
2025-12-14,mid,416,2.0,0.004807692307692308,6.0330862217988015,416,2,0.004807692307692308
2025-12-21,high,260,1.0,0.0038461538461538464,5.564520407322694,260,2,0.007692307692307693
2025-12-21,low,36,0.0,0.0,3.6109179126442243,36,0,0.0
2025-12-21,mid,422,3.0,0.0071090047393364926,6.0473721790462776,422,0,0.0
2025-12-28,high,261,0.0,0.0,5.568344503761097,261,0,0.0
2025-12-28,low,38,0.0,0.0,3.6635616461296463,38,0,0.0
2025-12-28,mid,417,1.0,0.002398081534772182,6.035481432524756,417,1,0.002398081534772182
2026-01-04,high,261,0.0,0.0,5.568344503761097,261,0,0.0
2026-01-04,low,38,0.0,0.0,3.6635616461296463,38,0,0.0
2026-01-04,mid,406,0.0,0.0,6.008813185442595,406,2,0.0049261083743842365
2026-01-11,high,261,0.0,0.0,5.568344503761097,261,0,0.0
2026-01-11,low,37,0.0,0.0,3.6375861597263857,37,0,0.0
2026-01-11,mid,409,1.0,0.0024449877750611247,6.016157159698354,409,0,0.0
2026-01-18,high,248,0.0,0.0,5.517452896464707,248,2,0.008064516129032258
2026-01-18,low,37,0.0,0.0,3.6375861597263857,37,1,0.02702702702702703
2026-01-18,mid,401,0.0,0.0,5.996452088619021,401,0,0.0
2026-01-25,high,243,0.0,0.0,5.497168225293202,243,4,0.01646090534979424
2026-01-25,low,38,0.0,0.0,3.6635616461296463,38,1,0.02631578947368421
2026-01-25,mid,399,3.0,0.007518796992481203,5.991464547107982,399,0,0.0
2026-02-01,high,245,0.0,0.0,5.5053315359323625,245,1,0.004081632653061225
2026-02-01,low,43,1.0,0.023255813953488372,3.784189633918261,43,0,0.0
2026-02-01,mid,366,0.0,0.0,5.905361848054571,366,2,0.00546448087431694
2026-02-08,high,242,2.0,0.008264462809917356,5.493061443340548,242,3,0.012396694214876033
2026-02-08,low,44,0.0,0.0,3.8066624897703196,44,0,0.0
2026-02-08,mid,371,2.0,0.005390835579514825,5.918893854273146,371,7,0.018867924528301886
2026-02-15,high,243,1.0,0.00411522633744856,5.497168225293202,243,2,0.00823045267489712
2026-02-15,low,44,1.0,0.022727272727272728,3.8066624897703196,44,0,0.0
2026-02-15,mid,369,2.0,0.005420054200542005,5.91350300563827,369,2,0.005420054200542005
2026-02-22,high,252,0.0,0.0,5.53338948872752,252,1,0.003968253968253968
2026-02-22,low,44,1.0,0.022727272727272728,3.8066624897703196,44,2,0.045454545454545456
2026-02-22,mid,367,1.0,0.0027247956403269754,5.908082938168931,367,1,0.0027247956403269754
2026-03-01,high,244,0.0,0.0,5.501258210544727,244,1,0.004098360655737705
2026-03-01,low,45,0.0,0.0,3.828641396489095,45,1,0.022222222222222223
2026-03-01,mid,365,1.0,0.0027397260273972603,5.902633333401366,365,0,0.0
2026-03-08,high,247,1.0,0.004048582995951417,5.5134287461649825,247,1,0.004048582995951417
2026-03-08,low,44,2.0,0.045454545454545456,3.8066624897703196,44,1,0.022727272727272728
2026-03-08,mid,371,1.0,0.0026954177897574125,5.918893854273146,371,1,0.0026954177897574125
2026-03-15,high,257,3.0,0.011673151750972763,5.552959584921617,257,0,0.0
2026-03-15,low,44,0.0,0.0,3.8066624897703196,44,0,0.0
2026-03-15,mid,376,7.0,0.018617021276595744,5.932245187448011,376,0,0.0
2026-03-22,high,258,3.0,0.011627906976744186,5.556828061699537,258,0,0.0
2026-03-22,low,44,0.0,0.0,3.8066624897703196,44,0,0.0
2026-03-22,mid,374,2.0,0.0053475935828877,5.926926025970411,374,1,0.00267379679144385
2026-03-29,high,259,0.0,0.0,5.560681631015528,259,1,0.003861003861003861
2026-03-29,low,45,0.0,0.0,3.828641396489095,45,0,0.0
2026-03-29,mid,375,2.0,0.005333333333333333,5.929589143389895,375,1,0.0026666666666666666
