date,btc_ret_z,fx_ret_z,soxx_ret_z,oil_ret_z,csi_chg_z,gpu_ret,gpu_n_chg,gpu_new_sh,gpu_riq_l1,gpu_high_chg,gpu_vram_chg,cpu_ret,cpu_n_chg,cpu_new_sh,cpu_riq_l1,cpu_amd_chg,ram_ret,ram_n_chg,ram_new_sh,ram_riq_l1,ram_ddr5_chg,ram_cap_chg
2024-03-17,0.02954987193745518,-0.055291268695492564,-0.9449039970841578,0.7468871414803648,-0.022189870014139464,0.003091853496721,-0.4519204793473747,-0.3729461524639887,-0.3907566480232514,0.26280608084418705,-0.30972962278321353,0.0005075535352144,-0.2888611094079792,0.42201189320177673,-0.7221631209662179,0.2117142555514808,0.0014727700884034,0.25915537315617065,0.8654072159336209,-0.3533626801507491,0.985107672998842,1.5074315989128069
2024-03-24,-0.0996319535950514,0.7656325291931035,0.6043186487367931,-0.06513562273630556,-0.022189870014139464,0.0020496207331638,-0.10775267623921739,-0.19917025118312295,-0.25416494814983276,0.4698949796389022,-0.3751669335471313,0.0006733549823636,-0.09778191847072426,0.21042437002224879,-0.7839494737541541,-0.5775482760809937,-0.0030157434105882,0.02019107740891033,1.1407697316789034,-0.35116011307985057,0.14385524499427327,0.7606576928174701
2024-03-31,1.0135206279576294,0.916136560540508,-0.01172424451998098,0.42040590265676064,-0.022189870014139464,0.0010933686827927,0.684418132073535,0.33651075618325244,-0.32148094029266966,-0.8018575013177481,-0.15688655226844256,0.001044098580576,0.09329727246653065,1.0456382773098558,-0.7977719984458248,-0.22454478092046593,-0.0015083835246113,-0.36975771532342894,0.9896645256500052,-0.34485603248784896,-0.36530404973138403,-0.5327352547443548
2024-04-07,-0.38289688121936727,-0.0012910048183205527,-0.46225970315836673,0.7976040487280602,0.02975459842805065,-0.0001153440516104,-0.056597229920512936,-0.49514307941802976,-0.3873805515811668,0.6703651219280901,0.17655620372846145,-0.0086746720647496,-0.4810676177267227,1.706560998421863,-0.6409402995886021,-0.7182649199874835,-0.0051279521639672,0.8336408931249107,1.0671020576936188,-0.3475001225662613,0.22233832353883837,-1.4847542063433756
2024-04-14,-0.5264546040994391,0.9938585765872842,-0.39912646775190513,-0.25762232573166083,-0.022189870014139464,0.0002916726195209,0.09070344145049523,-0.16227828844516334,-0.3563041008575036,0.04510238956945217,-0.40032876878917495,0.0006425134444731,-1.076201056805902,-0.40885618562514536,1.203489702686311,-0.08841734490088114,0.0035704723332439,0.16502225652008667,1.4479076443118808,-0.23089157271394012,0.1042700061307925,0.625313308533607
2024-04-21,-0.2649337367871668,0.6575965591513625,-2.0607610753240917,-0.849743336712521,-0.022189870014139464,0.0024268508891515,0.4807875311143889,0.5386401817301156,-0.37817963648618236,0.17640144048691203,-0.5914929106970347,-0.0051642772684121,1.263922919120455,1.6766887850382688,-0.6076129739483016,-0.9159718983972146,0.0031641766240276,-0.18976652849374148,1.0367217167451799,-0.3421700355063916,0.6234143175158333,0.3985140328554733
2024-04-28,-0.4236241375466544,-0.6140834975067839,1.8349889043929122,0.4480442821079586,-0.022189870014139464,-0.0009344710930582,0.5714516541842128,0.34871564986362874,-0.38038525116466493,0.8477991442186857,0.6191758662048821,-0.0043474434548666,-0.09778191847072426,0.41458776958144267,-0.41514446504600333,0.5580573074070837,0.0003316461810689,-0.5749104982945454,0.2630044698406265,-0.3168031542272595,0.6608492402689624,0.9051117074844156
2024-05-05,-0.015934953756582278,-0.5743652775166972,-0.1273335898741596,-1.713710170466148,-1.2688571126267019,-0.0006387161801975,-0.3430294128838603,0.14749935975915182,-0.3775903038987868,0.9480390057590463,0.608034310903663,-0.0029576162654787,0.28104686930213024,0.8158337571544197,0.2589337847198954,1.2583663462302583,-0.0011429578184124,-0.19575297550987647,0.6127586442440113,-0.3533626801507491,-2.043251140935868,-0.6519285897994875
2024-05-12,-0.49214748780777207,-0.055578532939563344,0.33952709585145,-0.13167838140519755,-0.022189870014139464,0.0006126049351804,-0.10367726481340975,-0.06658976009358868,-0.35577319909398203,-0.21813998212837651,-0.3221299961038911,0.0005006047730786,-0.4766107062435787,0.20423760033863708,-0.23770351994377667,-1.2745270932517108,-0.0011858774380771,0.9519709859329816,1.5261286053031113,-0.3231808475477309,-0.9285473873437458,-0.847900513243079
2024-05-19,1.0734373200551302,-1.4019970512794055,0.7004600449319868,0.21809027786290222,-0.022189870014139464,-0.0010798173335266,-0.44674599607794135,-0.21640921319075215,-0.3926399899616976,0.5565975496238507,0.0541985901392991,-0.0018316731189174,0.8411565162045935,1.604978500069129,-0.743945929150732,0.6288245175218015,0.0009069957027287,-1.9074439948994866,-0.4410835239288387,-0.314932637496018,0.7229592207494553,1.225722946774587
2024-05-26,0.7202088085435998,1.3372115148728818,0.881554044471301,-0.5676565237290468,-0.022189870014139464,-0.0014252757375653,0.48136355218204335,0.045317162893842945,-0.3555972718825742,0.01907391568129871,-0.016790172987885817,-0.0052687462173019,-0.8467553329195122,0.8255043792650597,-0.730855982609414,0.2733427178757276,-0.00188032889608,1.5909150274522168,1.725118505425203,-0.3295190718941314,1.9249983429873787,0.04082404780452745
2024-06-02,0.023432732171161274,0.4231749483324839,-0.46407012403183606,-0.2185919159825613,1.276421841040613,-0.0015981074351824,-0.1044362944385269,0.21686871813321829,-0.31509379946767047,-0.0822451785585816,-0.5843508189074886,-0.0050960964156617,0.09108184907560035,0.3999970063969679,1.1947027363006655,-0.7791471094482127,-0.0023531025389362,-0.08586187540280503,0.8539820567342721,-0.2749735166301217,-0.6458396681475207,-0.24447970237075198
2024-06-09,0.4373640126003257,-0.792775210294112,0.4816694526540922,-0.6193401019111122,-0.022189870014139464,-0.0020377322181679,-0.10501079278312911,0.1676648106278055,-0.3163210659802276,0.05433430736462981,0.13185364519870726,0.0036266217650564,-0.4766107062435787,0.6249379388242446,0.4014611149605125,0.4107960609255694,-0.0024960982326714,-1.0582867848720363,0.19350022452812557,-0.2867819704304728,0.8954821580056753,1.0049218585664397
2024-06-16,-0.6879534612260632,0.4564643868306921,1.0069683536739058,0.7048367760008434,-0.022189870014139464,-0.0003430156027606,0.04158165882898091,0.0010837825592592647,-0.21454317041811072,-0.16100712652940638,-0.062108684268804386,-0.0030563793408595,0.28104686930213024,0.8158337571544197,-0.6213339114641597,0.13263592868270363,-0.000840704575507,1.6341248394554164,2.3121758549203326,-0.29398808630031115,0.4178792251231403,0.7631154798433251
2024-06-23,-0.8061262402729413,1.080422698916102,-0.2467994798170111,0.5812486794482289,-0.022189870014139464,0.0014922901342778,0.1393740160757151,-0.16869932730702838,-0.3769662563447411,-0.30258370512522575,-0.670599499369954,0.0035696524545059,7.879851511340234,8.104266580950751,-0.2950179939897026,-4.403795263959714,0.0008841555017543,8.243711475628782,6.88983534989605,-0.331806559566464,4.93716658037484,0.2567812358162225
2024-06-30,-0.2194089916135087,-0.4241813593830538,-0.32489058060528186,0.20440283719164196,-0.022189870014139464,0.0002550683627858,0.3334280600507027,-0.06830692744242274,-0.39881775861727786,-0.3050448706084112,-0.6378625653885263,0.0028178225272856,-2.2298730279747625,-0.6737457147617637,-0.6202570676039477,0.2839544483201817,5.5016553834403045e-05,-0.3388076462087311,-0.6607896252855412,-0.35328564231486304,-0.5943000773521577,-0.9675350315308726
2024-07-07,-1.9641283489744266,-0.5455327433776874,0.631623494219569,-0.05551005354343989,1.4841997148093735,-0.0024695757373349,-0.2502647423927409,-0.39022516804126317,-0.39706150926047795,-0.0155210287051674,0.03468927724182685,-0.0006174303482507,-0.5733948714018889,-0.4948673739095073,-0.29324752489892386,-0.00808037351072619,-0.0017687258990757,-0.7413303696180678,-0.7348542181972718,-0.3523110513974191,0.4716016073674258,0.5288342487900423
2024-07-14,1.4008010411525416,-0.698430101042235,0.366742750709597,-0.4649189022463384,-0.022189870014139464,0.0006238310994871,0.18779061056317342,-0.33896478257109863,-0.10595539708977947,-0.36802409948298537,-0.5987599162114068,0.0012314577829501,-0.09778191847072426,-0.4948673739095073,-0.710269886854562,-0.00808037351072619,0.0005413374163337,0.09152970986822502,-0.5460967154681515,-0.3334999148690028,0.07636259300721152,0.2837245660629612
2024-07-21,2.1051456874574863,0.813703004640047,-2.0604001022046576,-0.7012464824131157,-0.022189870014139464,0.0003341364029832,-0.007090936886436946,-0.3928313544028418,-0.4019687763795821,0.596575726828902,-0.12985676103553448,0.0016190569427103,0.061528465792171014,-0.3211247735750978,-0.6374340156097911,-0.6377359405802866,-0.0013331763040821,0.6365438579569042,-0.3196713578087044,-0.3533626801507491,-1.4195417081639217,0.1042304119640743
2024-07-28,-0.031910897968384734,-0.35603312989114677,-0.6993845170422031,-0.48029120563154715,-0.022189870014139464,0.002546982257458,0.42919365108099816,-0.23912620358185052,-0.3987311798398653,-0.30053236876971556,-0.4288260583022905,-0.0023982811042188,0.5317818009194974,0.18511485768019964,-0.23648093934007525,-0.6136342920800082,7.020137984481881e-05,0.29225803635510755,-0.4894522905900241,-0.3533626801507491,1.681582700549551,-0.33628407776813823
2024-08-04,-2.9963153834321723,-0.9283177493987507,-2.2505808727101186,-1.2602404896242616,-1.5805239232798423,0.0021483515563459,-1.0342083852096755,-0.14923101107738884,-0.3997697702748241,-0.5746547050068792,-0.6380800393560339,0.0019553757544536,-0.4110430691926798,0.542627003033582,-0.6697751088384871,0.29177120452478966,-5.457091387664623e-05,-0.7563967074146483,0.04368143878360823,-0.3533626801507491,-0.3621365298487626,0.2253597425882662
2024-08-11,0.2668949849864551,0.2108628603008546,0.4475228203698644,0.6929730042201826,-0.022189870014139464,0.0003600475255901,-0.00806374055019521,-0.7109945854244302,-0.400944413377098,-0.37576984047669354,-0.597033868099987,-0.0015206390062077,-0.09778191847072426,0.02132440969271909,-0.5573792265506223,0.9272775340926099,-0.0014844339205509,0.14554827469822168,0.19677880247428498,-0.3533626801507491,-1.1713602622163644,-0.3102582430100255
2024-08-18,-0.23806363237503103,-0.785722048469644,1.8066549066722455,-0.08234480795849032,-0.022189870014139464,0.0003314146124717,-0.9144714265784902,-0.6934216162691684,-0.401852741957953,0.5967282519509254,0.44169486396840385,-0.002254771422267,0.5257568981236479,0.8572203532013711,-0.589521619546064,1.2154209653448167,0.0002414933490385,-0.6472073791608307,-0.6670165343416249,-0.3533626801507491,0.9562996881213952,0.7548847879373337
2024-08-25,1.2935346074478697,-1.7155691987519892,0.14122797019409858,-0.2659574766257155,-0.022189870014139464,0.0013690625067079,0.7484106262235896,0.25777508487159595,-0.39183918077575347,0.68643606274035,0.14797845421284922,0.0003807230783203,-0.09778191847072426,-0.5065665260600355,-0.5713684830313474,-0.00808037351072619,-0.0006515598078883,-0.06612283256874135,-0.172238944094542,-0.3533626801507491,0.0686667278582079,-0.4502907471965165
2024-09-01,-1.758861360328981,-0.5584066825483871,-0.26121463166886855,-0.1474635163802776,-0.4377456175516602,-0.0037445417812658,-0.05857664536055039,-0.36339162071140796,-0.38807505990303165,-0.16713042704584485,-0.11333325905630724,-0.0094133736070338,-0.4080595843431409,-0.675408561949453,-0.6335133387192041,0.3124301446822886,-0.0021184540235154,0.34915796186236975,-0.23964819956625902,-0.3533626801507491,-0.7678331554862048,1.2414713676344649
2024-09-08,-0.7192794980674819,-0.11222892842165796,-2.710799389888019,-2.303170751839395,-0.022189870014139464,-0.0005201590059351,-0.05884661416192166,-0.24657717010226157,0.10172361997907246,0.3988056657137779,0.2450957588203856,-0.0011562714324036,0.057726294035134365,-0.33365783243939284,1.596263184649334,-0.16909875288863974,-0.0023315891922053,-0.20801304255582523,-0.15444878121677497,-0.3362341957032257,0.22312863962246335,-1.0650113963376866
2024-09-15,1.1887385814652773,0.0911279766254868,1.8248292714924603,0.07749350100688757,-0.022189870014139464,0.0008792655551979,-0.05911804225674985,-0.5293907587866833,-0.37643241798491134,-1.0221502508627243,-1.3261904333451708,0.0005200445162088,-0.09778191847072426,-0.33365783243939284,-0.5072287050431247,-0.46907819940094414,-0.0031827776255325,-0.267538295770473,-0.45871270554459304,-0.3227533228300118,0.09206884816362708,-0.23568420094573753
2024-09-22,1.2552372507770788,-0.6567174885070505,0.021985112309309614,0.7572004244377959,-0.022189870014139464,0.00222148312076,-0.26216078467057413,-0.9835547817131384,-0.3898480388941468,-0.32254250005290414,-0.11308726343576464,0.008895654595767,-0.4095441890809266,-0.5016490252934652,-0.5429717899150245,0.311071967490182,0.0007933156278352,0.5060077720228381,-0.5298497583059464,-0.27135902482610363,-1.0887298627625284,0.7587882653817034
2024-09-29,0.24533111490260848,-1.0895376753468424,0.83282635743218,-0.8222132553239936,-0.022189870014139464,-1.842393697321792e-05,0.09237766768044872,-0.4659785549953366,-0.39585016928357286,0.4751676755308999,0.28296850668095114,0.0016139360787972,-0.09778191847072426,-0.15578480471154688,1.6443495404254125,-0.00808037351072619,-0.0008661340856718,-0.09352708319209607,-0.7744589916420442,-0.3533626801507491,-0.7670583214271909,-1.2750958692237153
2024-10-06,-0.26107168851748913,1.3409465827187832,-0.20213490287873195,1.6471470527388263,0.9128105619452825,-0.0011162359715805,0.04158165882898091,-0.811395891126581,-0.39748557490712577,0.11526635037241155,0.32332703452200345,-0.0091944516250836,-0.09778191847072426,-0.32871691500250605,-0.5840530371078618,0.45735012378226814,-0.0039522500569251,-0.12220838421698087,-0.2955579113761743,-0.3375523451984589,0.4290942182427072,-0.046330291434182186
2024-10-13,0.05060341596645521,0.9304594673682322,0.3421638776015034,0.182368225276534,-0.022189870014139464,-0.0006649143910723,-0.060079704982663025,-0.29028130342038627,-0.38250491189319147,-0.3183008992998202,-0.2731260776324273,-0.0081183672585452,0.3687498055060361,-0.3360931661523597,-0.40079823701256206,-0.4911575247295217,-0.0024043355047352,0.17538054132099842,-0.09236386212291291,-0.3026973749822763,-0.10618463144121223,1.240825295533973
2024-10-20,1.8275403443689688,1.2492129982863107,-0.612271483296187,-1.7735597343786669,-0.022189870014139464,-0.0002683651559029,-0.6260657952904938,-0.5643031930966741,-0.39319772954910626,0.016197856736138907,0.1157892928126131,-0.0011139090634764,-0.5643136424474845,-0.8475132458753836,-0.020741094739687313,0.47499677770806925,-0.004597496164059,0.32643365467038377,0.32778753581700804,-0.26846905110359237,1.6857081768429296,0.8236022724472041
2024-10-27,-0.013793214254789033,0.30823845946166584,-0.035543528218156234,0.7717706277682176,-0.022189870014139464,-0.0004713226736937,0.6582942222797428,-0.05755760078270462,-0.39518363405368656,-0.29095010339484956,-0.4013559944490103,-0.0101064529943718,0.2139803521394781,0.18019758099660144,-0.6430233060269102,-0.33166538591442046,-0.0090453329065811,0.07389012749815896,-0.457630846841476,-0.32459875700656726,0.5052452666531644,0.21004002357337098
2024-11-03,0.10063340615782222,-0.3298875069938403,-0.9035827126227497,-0.9354880130622446,-0.5416345544360404,-0.0010088848228184,0.1433819044578662,-0.4070738250957419,-0.3903182494611052,0.8376306710770497,0.6495945901795251,-0.0034039266253489,2.294404872931853,2.0173443688562616,1.4121786407967214,4.034829763278674,-0.0035489380466445,-0.11959462101026322,-0.2406316237177026,-0.03749341050698611,-0.5624698262596342,-1.4140283679690988
2024-11-10,2.8707791201409343,-0.1623095041467497,0.9555646634584284,0.13681371660146904,-0.022189870014139464,0.000701760281986,-0.36729889693196494,-0.571112475233903,-0.3824482300054264,-0.043180784080935904,-0.591339588113229,0.0025777891798245,-2.8017309804835073,-0.15578480471154688,0.691788501710586,-5.5891274870684375,-0.0005983745690006,0.004835074709990661,-0.17881601189714963,-0.30298384824329344,0.5298612180642553,1.2131965868201242
2024-11-17,1.824528566917936,1.7757010619917184,-1.9874349368722164,-0.9247953417090466,-0.022189870014139464,-0.0001507335984274,0.4504622145899268,-0.4070738250957419,-0.39903614540119337,-0.013113412748973579,-0.23355697863197844,0.0008760319031084,-0.09778191847072426,0.1900794158703714,0.36899973818649195,-0.00808037351072619,0.0009180725589482,-0.6407873968140545,-0.5116830294002873,-0.3511892919182956,0.32575343998007805,-1.4418607739292033
2024-11-24,1.5911654467623904,-0.1858168520958185,0.4361726236825377,1.1231748012361396,-0.022189870014139464,0.003882949400398,0.49627177693916585,0.03663004865654366,-0.3922221972990788,0.9127378998288607,0.6244760365567028,0.0082412791897363,-0.09778191847072426,-0.6745811355844243,-0.578025695289253,-0.00808037351072619,0.0011786010056281,0.2040136256622333,-0.2939388980410971,-0.3533626801507491,-0.2701743241943942,-0.024016776606495007
2024-12-01,-0.23782782592631943,-0.5154940994740979,-0.13151076463605335,-0.7330382349015364,-6.619137362172282,0.0015641566684912,-0.514908704910093,-0.7512274358588493,-0.17765531762048897,0.32031562622848886,0.01718349932721018,-0.0025387551055393,0.2139803521394781,-0.16237269462739354,1.5559829114671109,0.14706312558693213,-6.454463677200657e-05,-0.036958006188891626,-0.37658798078677364,-0.3533626801507491,-0.11892557383051557,-0.32057342754685864
2024-12-08,1.032687730090321,0.32857072240160096,0.37567195260590375,-0.6291881022461077,-0.022189870014139464,0.0004002235174707,-0.16285708027037685,-0.8058527426788054,-0.3982783893393205,-0.03210000383523028,-0.3932068516007437,-0.0023341567840128,0.056987534895830465,-0.3360931661523597,-0.05171515884436322,-0.16101804086767268,-0.0007547658861126,-0.12186542072074837,-0.256759779801388,-0.3387691495896399,-0.626320385173821,-1.2673615749106315
2024-12-15,0.6295561782545769,1.6826539399616498,0.27612023788299,0.9043299856927968,-0.022189870014139464,0.0065614065279774,-0.47447737670038614,-0.3262700090008338,-0.38363502301265445,0.6926462170850235,-0.35107401318920667,0.0018955704194375,0.05625576169774646,-0.3385055250189752,0.7246985092030486,0.2970735571118515,-0.0003288183950725,-0.17941762302652228,-0.26315574005663794,-0.32732008618783415,0.005479293589268506,-0.45371898720462206
2024-12-22,-1.4071895720708332,0.501337193905802,-0.8431556770817731,-0.5383114515235924,-0.022189870014139464,0.0049101251975782,-0.6401618753202586,-0.30668097668481215,0.24731371446453515,0.337894329880736,0.24153629166972954,0.0009413219650431,0.05553087581517891,-0.0031498904641286073,-0.6483759807403465,-0.16029663677635742,-0.0007047281718667,-0.32511337326686046,-0.051336046235587254,-0.34663506685950357,-0.25038973404889314,0.6155196341580159
2024-12-29,0.048598453045917124,1.7398489300975766,0.6066389301166253,0.270613146984579,-0.022189870014139464,0.0032848718252147,-0.7608657261372795,-0.4671483282671903,-0.36881367083327554,-0.568056500497338,-0.5237631771502111,0.0033617910362676,0.05481278047003949,0.16098803283076904,-0.7415877265579859,-0.158874054876675,0.0008143114586613,-0.03735746135619367,-0.398827099274761,-0.3488197706664333,-0.568110775138004,-0.2868223357057069
2025-01-05,0.7685613959334598,0.18170246563059697,0.02336334671480566,0.5778797342069838,1.5880886516937534,0.0062235048634052,-0.5031483176100869,-0.32913427897279923,-0.403226615134106,0.41703969126220003,0.11752009793248389,0.0035747122492813,-0.25037661741148803,-0.34089523262862986,-0.6382472708089513,0.5972182066202251,0.0005740149971923,-0.43322448716287254,-0.48840903362028776,-0.3533626801507491,0.965880053317864,1.270716909501311
2025-01-12,-0.5675167322059823,-1.1242983524673762,-0.46667798639475766,0.8037118213164706,-0.022189870014139464,0.0143923698487862,-0.4555788687382642,0.4419019359406558,-0.07061643118150003,-2.162882748255712,-2.747954948046774,0.0030141865707016,-0.4051323929251014,-0.8475132458753836,-0.7415110684512259,0.3021030645089844,0.002856283597247,-0.09700583753420693,-0.3863188872959278,-0.3527706124910499,-0.041928745555116824,-1.309948750220641
2025-01-19,0.9604091796582618,-0.22528861065863098,1.036573972211003,0.1872255123032473,-0.022189870014139464,0.0031435754681973,-0.85897859759328,-0.35330419458555523,1.21125145053422,1.179010028768738,0.5713624448460637,0.0058731366579346,-0.7213207350650964,0.02132440969271909,-0.39354671563819826,0.6302681511095406,0.0010432435881712,0.11043158641107043,0.12520570321372157,-0.2879159063214868,0.27938730022182956,0.30593059745234374
2025-01-26,-0.06032036289379618,-1.3249653313043919,0.027010235033108485,-0.7038872830518547,-0.022189870014139464,0.0048167891131284,-0.5325262595556826,0.05643834778700626,-0.3870032435237194,1.3986671662693133,0.2293422917124696,0.0071239709467199,-0.09778191847072426,-0.6737457147617637,0.24932844540383312,-0.00808037351072619,0.0021810252077579,-0.8051851483300876,-0.5872591932648905,-0.3533626801507491,0.7342535717101227,0.8892762932429957
2025-02-02,-0.49440196017857485,0.38177227236171396,-1.2379921101153206,-0.5680387243006387,2.0555888676734644,-0.0018015039676933,-1.0742124682660459,-1.1842623915690482,-0.22892540482200321,-0.14198887221572454,-0.3778047753775479,-0.007777659513259,-0.2555493389566047,-0.4982911202392738,1.1935982148111046,0.1553802317014993,-0.0067262015941708,0.4770796076254468,-0.5050089361563005,-0.3533626801507491,-1.0342366252581034,-0.594068056801803
2025-02-09,-0.20897401075796238,-0.07526622483745163,-0.17866754131289433,-0.6821287865363412,-0.022189870014139464,0.0082839848071901,-0.8025064375441207,0.5493562006375718,-0.3922066064169994,-0.2384667939289174,-0.3007205828542854,-0.0313472620826506,0.216992594632768,-0.32871691500250605,1.1006179035752086,0.13200064994638738,0.0020289918499013,-0.2637204406238746,-0.24533941250477243,-0.16929092314648947,1.501175822092313,0.008313309179119455
2025-02-16,-0.21917433664356184,-0.32093076016021393,0.5416386615739484,-0.06477611773582087,-0.022189870014139464,0.0134440595695642,-0.5113218103974314,0.9994631002857096,-0.002453770557615646,-1.729832654573258,-1.2335585122096457,0.0063149699298609,-0.09778191847072426,-0.15578480471154688,2.7311757646174164,-0.00808037351072619,0.0017050735242793,0.7352460952381255,0.6779054457340349,-0.35158866035707736,0.28669360455865717,1.601373168059519
2025-02-23,-0.02330357431870468,-0.5512310595466172,0.030432651083981133,-0.17678606991987164,-0.022189870014139464,0.0062311388894191,-2.853141866788603,1.116409062051134,0.5277326139022943,-3.0216480401963843,-3.020213519814057,-0.0040326591973355,0.3687498055060361,-0.3360931661523597,0.7945709269944307,-0.4911575247295217,-0.0003172724760378,-0.12525896003602016,-0.6619257433071577,-0.3482764033399951,0.16929724583233902,0.08403979842766693
2025-03-02,-0.053961512598412954,1.0377004755907404,-1.5719587051677846,-0.45065408099192017,-0.957190301973561,0.0049706103431083,-0.3619479179307275,3.5977425192601045,-0.3951264360397221,3.2959153099176866,3.314087221165472,-0.0031555589717701,-0.4080595843431409,-0.33119919409759196,0.48851799063315116,0.3124301446822886,0.0016779447564465,0.7400715685161029,0.03755940024281577,-0.3533626801507491,0.1642477387436479,1.2089072386587514
2025-03-09,-2.759193310321243,-0.31664716467134657,-0.5360037085353523,-0.9297992554415294,-0.022189870014139464,0.002176969251147,-6.2011107228255185,1.7866465190450953,-0.38162696098299775,-4.978997559999233,-0.4677626082889879,0.0045714507174144,0.057726294035134365,-0.33365783243939284,0.016954156571903283,0.2918990730015685,-0.005428682522524,-0.35044917350775384,-0.0892773403171313,-0.3533626801507491,-1.321194961091763,-1.4350302469075626
2025-03-16,0.4472113017712637,0.31512116659225964,-0.341669825565634,-0.020825596402948846,-0.022189870014139464,-0.0068990217167367,4.483309094374076,6.420217595598214,-0.3952932249732699,1.2775601038360855,5.8735454965871785,-0.00149426247652,0.056987534895830465,-0.3360931661523597,-0.5347746929376219,0.7478686679964344,0.0006540630527124,-0.2248543103123576,-0.6638046735474027,-0.22224168501227298,0.47352221105801134,0.2666340910678584
2025-03-23,0.8569709656054748,0.676681595329522,-0.21297776983847255,0.3866814663047396,-0.022189870014139464,-0.0071704500308572,2.312908247548202,2.5507487175487182,-0.17467966335574214,1.724661912603917,2.5974383094268516,-0.0118113690815318,-0.4080595843431409,-0.675408561949453,-0.6809244607920996,0.32560180981351367,0.0049633332021503,0.36495645609294797,-0.07233497060056315,-0.3533626801507491,-0.2652054766915292,-0.22317235524894163
2025-03-30,-0.6606507781644329,-0.3497242698490668,-1.225131783198545,0.34441410062309075,-0.022189870014139464,-0.0048270820339037,0.5060793346979425,1.8288560303579982,0.02764443107572319,-0.10313358607744298,2.0879174930917768,-0.0065214907917145,0.21249574740169236,-0.5065665260600355,-0.20890705426136108,-0.34176255683496604,0.0063641855998635,-0.5124137684399225,-0.2431167631274335,-0.21915871512187632,-0.9481377689333595,-0.8189486575965594
2025-04-06,-0.9716424784175717,-0.8046363400174867,-3.8672326389658678,-2.5687377018108304,0.18558800375462065,-0.0053854799725262,1.969194256020277,1.4536516827760428,0.041736468683229486,1.0799470934678816,1.5717145101244905,-0.0026173372412712,1.4107703744389424,1.1056023527048622,-0.12665022999476164,1.4804667870539134,0.0012197404254027,-0.9316202541048322,-0.03965262982929853,-0.26787145449753513,2.1095367438955135,1.9004268625366094
2025-04-13,0.6984905849469712,-0.021070913551032217,1.8255099453171297,-0.3573487205954408,-0.022189870014139464,-0.0024804948533599,0.4773628455361945,-0.05342861366915442,0.19583682428600216,0.7747187757295861,0.3650800231075505,-0.0065552315716644,0.7749196016359154,0.26169006947103307,0.0688433702029415,-0.9690936418265218,0.0004878205051008,0.533161886043822,-0.787602601379276,-0.3533626801507491,0.12007673632912798,-0.2536616823607317
2025-04-20,0.2745576751039512,-2.500369269277399,-0.7704255995056191,0.9457915823842631,-0.022189870014139464,-0.0054135252493549,1.7354581954022636,1.16168641621357,-0.05933042449867167,-0.7306771208541877,1.4278107336366888,0.0040574672377497,0.3299560682213207,-0.06555935586408897,1.0515923477031444,-0.46978457415809993,0.0078219437899619,0.5184707407905809,0.3330892939273319,-0.35142170097600733,-0.3520670317204146,0.7242142839582689
2025-04-27,1.8531171731212122,0.9040107638424741,2.1493758464283204,-0.4341945031001774,-0.022189870014139464,-0.0022264476968281,1.0336539464166885,2.13968895434708,0.28433909663011264,-2.9390270487929695,-0.1512178268238095,-0.0108104025483668,-0.669356380143056,-0.8475132458753836,2.72357530823435,0.6102491459403279,-0.0001854003295579,0.049214710300014716,-0.2722130748732794,-0.10797300711917282,0.9541606075011855,-0.2319903713119479
2025-05-04,-0.34164176757973164,0.21314706769010683,0.5345635502752926,-1.9548585590458687,4.185312073803258,-0.0053462800946931,0.32841037883228746,0.557205517368882,-0.18314497010959677,-0.2311168163100214,0.7307470268022758,-0.0102011503601028,-0.24225625130193026,-0.3679148600017906,1.2150700957344933,0.14993717034897808,-0.0011539193612034,-0.5179814603312144,-0.44984980569202226,-0.3533626801507491,-0.4151272152818259,-0.6560517958271634
2025-05-11,1.6175123074911677,-2.1039712926192786,0.3758589474438871,0.8092501052728024,-0.022189870014139464,-0.0055194324887767,0.2694653461106389,-0.09879711841680487,0.28516921631788017,-0.7990265748095965,-0.24110613967694466,0.0037961117775164,-0.3886669639749506,-0.8475132458753836,2.588501960409731,0.3122063073170369,-0.0004316881100637,-0.46989430340617316,0.6084444958372722,-0.3491198946109143,-1.0497907547241374,-0.03017920066009248
2025-05-18,0.4231056373634847,-0.5486743732584057,1.944199670513732,0.40940164209858554,-0.022189870014139464,-0.0059239799437151,0.04158165882898091,-0.614114851588209,0.5126136429787961,0.27551338994731883,0.5995922903969099,-0.0033832824737128,-0.09778191847072426,-0.6862133403125165,4.5486933046408575,-0.00808037351072619,-0.0007178035476498,-0.03792294605043611,-0.3525292273866583,-0.3464484177040123,0.5033819094289678,0.613724566605796
2025-05-25,0.010069462075118326,-1.1303879617987227,-1.134108459346654,-0.2951137536943826,-0.022189870014139464,-0.0025309945292353,1.105393167428878,1.1795725766876666,0.352434060631539,-1.903846348271458,-1.7100239797597032,0.0053377508454997,0.04798525384804069,-0.5263536124778885,-0.002982106247870188,-0.16893863955144692,0.002735418540689,0.2169587106563678,-0.17823318250418205,-0.3477972598515222,0.6333392520940493,0.55953385872635
2025-06-01,-0.30521644205986287,-0.8269913716596001,0.19174208783188032,-0.3808100552673284,3.561978452496977,-0.0077171445600563,0.6981425549429913,0.21211874824920565,0.14945106006300757,-0.6192109104914643,-0.756702717461125,-0.0078431220351211,-0.09778191847072426,-0.36577379577914093,0.6736302674003629,-0.00808037351072619,-0.0005413270678841,0.006927721810804205,-0.4709714138559506,-0.3495601811901006,-1.2855274809930783,-0.8658248252910787
2025-06-08,-0.24366710263872332,-1.1624453422724768,1.1893995603602447,0.7572267639355562,-0.022189870014139464,-0.0053133153242719,0.09577638361539133,-0.6500672515769121,0.5625608650169789,-0.09757725992517152,-0.26365046076434806,0.0021495923039961,0.04733595471473713,-0.2080487313772607,1.4236751973227804,0.26275584919976036,-0.0002178170964836,-0.022852246756052127,-0.5607543965711302,-0.33921602347837326,0.12265198530988063,0.9538424141168843
2025-06-15,0.0423001630352842,-0.42555434451589697,0.29428916976141317,2.278348964372603,-0.022189870014139464,-0.0038372718501978,1.4236666962354256,1.0985587910108736,0.2726571012789014,-1.5286567842309617,-0.23045107274668197,-0.0004283439080503,-0.24289979165618564,-0.5263536124778885,-0.5659261280755793,-0.7111020579933066,0.0001793596881484,0.1696695832091747,-0.39648383423930184,-0.35210275311188227,-1.0417695771166684,-1.677405208113988
2025-06-22,-0.6702457593288602,1.5658605460593604,0.3849540523928308,0.7001315708937718,-0.022189870014139464,-0.0059030993269302,-0.5369021337181219,-1.146658710975157,0.061083521589542576,0.7326680160418403,0.4046779698747006,0.0005061199882653,-0.5370547575804032,-0.8475132458753836,0.06462201472194823,-0.40310961911234944,0.0038647434324774,-0.05235349701780958,-0.12419434589048563,-0.3533626801507491,-0.8592350698091656,0.4998535671418589
2025-07-27,0.22197049330737756,-1.3919936763786538,-0.506520176566694,-0.3491228885274808,-0.022189870014139464,-0.0061411295405854,0.8650155422278155,0.17153349570590082,-0.34839283684167016,-0.02032014866162615,-0.7276673460549428,-0.0011554420168274,1.0555742294151995,0.7163945341472057,-0.7595683200789936,0.8678696669880706,0.00248343726871,0.3640176234230864,2.574221909962071,-0.3533626801507491,-0.784825819327952,-1.1625260002432924
2025-08-03,-0.649881982626992,1.175225079014938,-0.43663362808377176,0.29396549175847825,0.23753247219681112,-0.0022407593890201,-0.26507741155066283,-0.45582855062784555,0.2089117788398938,0.002515193050589318,-0.16324316675678044,0.0059487708281192,-1.2511380663566478,-0.6854867641613316,-0.6722022362943006,1.2963647084441812,0.0031725197452511,-0.17078512600652537,-0.33512585739994416,-0.3533626801507491,0.45290849798063443,0.8947859441753394
2025-08-10,0.7151855391301327,-0.5336108764366997,0.44129969674609876,-1.056616399381246,-0.022189870014139464,-0.0044295719276501,0.14408204457889512,-0.5164309955749455,-0.17645421101960948,0.586251867226723,0.1935824724683226,-0.0028889125120633,0.04864038940742888,-0.041013718061044604,1.8499414178219,1.1261161924293208,-0.0014233393969688,0.02163987662799232,-0.21774834633691878,-0.3533626801507491,0.19889477504949185,-0.41268906429529717
2025-08-17,-0.24787536027732807,0.08371285451722449,0.4145481121951584,-0.32718438880652634,-0.022189870014139464,0.0007526303883068,-0.4737635793261043,-0.44545236231901775,0.1491755339484552,-0.21616626066549174,-0.20326519439324942,0.0002187393438674,-0.2442042263488774,-0.6854867641613316,0.5075661670430592,-0.27011889046928755,0.002232351695973,-0.2912658860347172,0.13900035794439494,-0.3517970744955386,0.5300511090110875,1.9144571440079283
2025-08-24,-0.629321766982041,0.6582871601557295,0.009761413973811939,0.5154826433992319,-0.022189870014139464,-0.0020857821606559,0.8627469454254397,0.05214744920152564,-0.3253787930642563,0.2688567517865685,0.892808202201727,-0.0002500905964885,-0.24486527738348515,-0.6847536126603648,-0.6807735957294344,0.16556195298330778,0.0002951044194368,-0.15838933265060767,-0.1987621228982525,-0.35207064338477134,-0.8436779070946167,-1.8481427614560386
2025-08-31,-0.704000999351288,-1.0970063992674013,-0.3791479509229202,0.03531070795241548,-0.022189870014139464,-0.0038367970136984,0.34491196419957515,-0.4163442621008052,-0.29730057495995005,-0.4858624367755722,-0.8674758665622982,-0.0039610148709063,0.6310831266556286,0.266598048742478,-0.19143216361318455,-0.8609254284151241,-0.0001767809124768,0.18759759084704128,-0.38116221713122234,-0.35297816781421265,0.41791864763603664,0.9715096692753251
2025-09-07,0.4193122897474625,0.39396294059920123,0.09309213718654462,-0.9281603756092225,-0.6455234913204201,-0.0017175809401186,0.0918974891922009,-0.5317057404130257,-0.005664698055481723,0.630773542730263,0.28724020758704616,-0.0004947206300789,0.046054556509562555,-0.37214039644120445,-0.2633028861993416,-0.1741409524832972,0.0015747181974416,0.11130431325162184,-0.2787355655855871,-0.3533626801507491,0.7456925295955628,0.9867495234788279
2025-09-14,0.7174360768504887,-0.2731428488032824,0.6686547799339991,0.39426920565598356,-0.022189870014139464,-0.00110595469092,-0.2106797429963877,-0.3536553451483128,-0.30887701045634575,-0.19101582944527248,0.0921651299841254,0.0058108996112957,0.18799981458932452,-0.21921841722002153,-0.585028954572657,0.0868984987221975,0.0012199288825931,-0.11219227828502289,-0.2988470386899705,-0.3533626801507491,0.17732405701295792,-0.26063849163217073
2025-09-21,0.04787402039105651,-0.28587938864086865,0.819597822645882,-0.18711358813819157,-0.022189870014139464,-0.000590324582589,0.14269126422038314,-0.4137135109104387,-0.33967239070173905,-0.5593969104465812,-0.2289157269537244,-0.0030774549139781,0.04417433516127186,0.4036129781426855,-0.023158348401225763,0.24924516438887404,0.0035439891293299,-0.5519126395240435,-0.407438881692476,-0.3533626801507491,0.29544130182209744,-0.2045471520942677
2025-09-28,-0.30763727214528463,1.3331808465864583,0.17962440078025424,0.993243429807622,-0.022189870014139464,-0.0010218429999708,-0.21170868932233847,-0.6953143034044401,-0.3196432780075103,1.3785872589993575,0.27434876648832324,-0.0049420859476075,-0.5255199051627691,-0.5305980129192666,-0.507233106627861,0.49256273562497127,0.0157797648599734,0.3564369033060145,-0.1634432897883965,-0.3522960603432554,-1.8960514437224103,-1.2399090451373447
2025-10-05,1.6004430090049984,-0.31825661482089984,0.8040674699345995,-1.871001717252982,-0.2299677437828999,-0.0026937063237255,0.2948720069803003,-0.5282285627263062,-0.33790219111092723,-0.7207291193881046,-0.926022601014412,0.008551205899152,-0.24161839345101108,-0.6883544895014049,0.07689029104507812,0.16175430952940104,0.0365150507268129,-0.44813157273203863,-0.02911808319024632,0.28956759999023113,0.9279888106872647,0.2883631908037857
2025-10-12,-0.8876229787201961,0.9133436680977499,-0.6680881747273076,-0.6939410046972576,-0.022189870014139464,-0.001363887671541,-0.517947674050589,-0.9802243552787606,-0.1273966777814416,-0.17040099940623638,0.35625133741380915,0.0001919844131746,0.18925878120769773,-0.531987992011177,1.8636790821537201,-0.34625996166958706,0.0066732034878138,-0.5356771125902229,-1.2599031716499645,1.2649722596003798,-0.47753750910194814,0.20479347190472003
2025-10-19,-1.0580891903680671,-0.47648099361453816,1.169044329305194,-0.5853562096316293,-0.022189870014139464,0.0052167453415838,0.449343503976925,-0.4672317698203065,-0.3453959152871089,0.27186397575875104,-0.031531628906178874,0.0010841086180463,-0.09778191847072426,-0.531987992011177,-0.7075777444424575,0.4165228871776288,0.0574105724270351,-0.7435108776151144,-0.5942676626729286,-0.3533626801507491,-1.170151141244233,1.5659876537885147
2025-10-26,1.0852004263865043,1.1744844953618034,0.5023850002897012,1.479303388033467,-0.022189870014139464,-0.0009011122464342,0.19334914656060298,-0.4709710368183724,0.18520537294945327,0.24433607476470945,-0.22771995170680154,0.0023883462404974,0.328092232947302,0.5539106089500517,-0.6850531217370818,-0.5098842270515077,0.1048999976084113,-1.7745009915600576,0.17383222925223768,2.0356757972271473,-2.4385954605034788,1.9392241716456442
2025-11-02,-0.6600017201497091,-0.8562225007163059,0.6965296612239706,-0.3723277644462034,1.3803107779249935,-0.0020940157829115,-0.723514356727576,-0.3935189478308764,-0.3075794562234999,-1.1223816011992362,-0.2259047088105917,0.0046852097730056,-0.5236560698887505,-0.531987992011177,-0.7645565671841295,0.06912021934169056,0.1500001914677821,-1.4757717633353042,2.3836764335967806,4.131360582679729,1.067604867023915,0.8929939236927027
2025-11-09,-0.608647746045511,1.4030344293645234,-0.9145701775460976,-0.5672589234386501,-0.022189870014139464,0.005944401116157,0.24714834150596796,-0.16649016314564707,-0.091596701155579,-0.08952947656792488,-0.4216523754574972,0.0123013432484525,0.18675184352318547,0.09083142213816922,-0.3728796050250667,-0.34037857752769,0.0409880919562347,0.4295366508982165,0.6261292517297307,5.3732561838912485,1.3170560185284872,-0.01609195713660428
2025-11-16,-1.8462370795700893,1.1888572940014965,-0.48208995196735316,0.1667014887817601,-0.022189870014139464,0.0044040546796509,0.5505904867185376,-0.2403871332976867,0.25924317071189124,0.6114480987215674,0.2933398286741932,0.0037750877789406,0.04355847095339228,0.0867693240082388,2.3049675361701554,0.6661061702812758,0.0964372458127221,-0.9573484411219786,0.3907913065251008,1.2613653632147745,-0.08348746168120617,-1.434958917619329
2025-11-23,-1.1138522610083024,0.1739750730319895,-1.397105497832781,-0.7055508077245338,-0.022189870014139464,-0.0003148857700413,0.4438405374333944,-0.25270073671296,0.2716220780802487,0.9823727958861633,0.3933828532073248,0.0039720607318211,-0.666860294586889,-0.21368277996314597,0.5741789640006028,0.24484995146708474,0.0305078412265612,-0.4367777342337027,0.166356884438261,3.9379542568998325,-0.6834919324063073,-0.9128599342403898
2025-11-30,0.6670819973006568,-0.8389625629385463,1.8808513028176232,0.13037903560319775,-0.022189870014139464,0.0003457568154412,-0.36067721977543254,-0.5270632128095902,-0.39410459375080653,-0.03866466799655123,-0.03171145726494298,0.0011251954247449,-0.24161839345101108,-0.6883544895014049,-0.7668306902010834,0.16364136156318884,0.0108862067026223,0.48840651055322204,-0.35618535974578036,0.3056646427404023,-0.4929696690585614,0.5411008601160336
2025-12-07,0.08409086016458704,0.5731515318032806,0.8297390169955416,0.09795094999838458,-1.3208015810688918,0.0003569740756914,-0.4674271690605758,-0.8058527426788054,-0.3906785651121755,0.35187971079513436,0.24280246794378718,0.0001418450383115,0.046054556509562555,-0.5305980129192666,-0.7954252143373922,-0.1798021085846412,0.0107721286815297,-0.23759910305465223,-1.0054897575033819,-0.35314739121290734,0.6841855395800879,-0.12054951981771977
2025-12-14,-0.3935290977167772,-0.20045157137220748,-0.7466399448708625,-0.9905020280381637,-0.022189870014139464,0.0002847352655457,0.19501578117263207,-0.5188163666866472,-0.37935523632998625,-0.04280001780038996,-0.2090533538464623,0.0041203701230112,-0.5312105994676817,-0.5263536124778885,-0.7977719984458248,0.5116845210433529,0.0160233005469738,0.2694296680789563,0.003937326443706545,-0.3524401541281602,-2.2328175820944494,-3.717930002439527
2025-12-21,0.10601174377079929,0.11019271715579124,-0.001488166807413853,-0.3168296987387516,-0.022189870014139464,0.0024898716504068,-0.16313790412624338,-0.9214600009865815,-0.37407123570480305,-0.25287308805145237,-0.3591182145107898,0.0043193656463227,0.19181028754594637,-0.05171946400548296,-0.21409524865233173,-0.3561235329908904,0.0576487562239618,-0.5123312061573296,-0.18818106752443226,0.08176202258499972,0.30216169259917114,0.2923036513944605
2025-12-28,-0.490747771341846,-1.836019663935231,0.3800998730655323,-0.027566511337118974,-0.022189870014139464,0.0033494612811788,-0.2159098063574357,-1.094053628043963,-0.39455144269303394,0.5241499983683501,-0.02912393139622934,0.0049502780467165,-0.24225625130193026,0.11168352587180237,-0.7977719984458248,0.5954324144835994,0.0982351064205371,-1.1846264273212632,-0.02115591355477275,2.3260066496382032,-1.4211790436535174,-1.3768794689734776
2026-01-04,0.6529770123071038,-0.28695772326229063,0.46748841239677175,-0.04888744553787837,0.49725481440776154,0.0031989968482495,0.3503585646269706,-0.10836629227899673,-0.3272969329312719,1.1001708305231432,0.26156985937919514,0.0050531657211287,-0.3886669639749506,0.4428859986275602,-0.381206832644522,-1.3895578643099906,0.0374756400476502,-1.2099918540550674,-1.1295617269788258,3.7606506590184696,0.20362526826459965,-1.541902107165055
2026-01-11,0.07832080665377095,0.2978049105190638,0.9400727977099518,0.8069108217952154,-0.022189870014139464,0.0060046933341073,-0.26719524696900876,-0.5665855461015249,-0.3537026834868462,-0.28643669864854365,-0.36033242567177864,0.0046242471402616,-0.09778191847072426,-0.2023136236239117,-0.7974265933605372,-0.00808037351072619,0.0247097310679842,1.0591634010005078,0.8892407742789903,1.237782495719046,0.381133444669403,1.8287605157699647
2026-01-18,0.705709450208502,1.0603668603000485,0.8088907349713275,0.17788557655217266,-0.022189870014139464,0.0274218601954075,-0.6890077632447658,-0.1319611309476345,0.3322860499321334,-0.15468084670993454,-0.9585171318282631,0.0051828653296926,0.19310312703350208,-0.3679148600017906,-0.7202354260230724,0.5128678422934706,0.0479518635233666,0.6612014629559442,0.48533795606732383,0.6576304007133277,0.02348415475694931,-0.4071821939882267
2026-01-25,-1.6124225294062349,-0.45149335004534524,0.08232740950610022,0.48918521147453814,-0.022189870014139464,0.0491841258833126,0.09424437674345859,0.2840519319337029,2.53178743687739,-0.0878138845032416,-0.44587911592530216,0.0042438604490206,0.04669241436048174,-0.05171946400548296,-0.3212066007794088,1.1056577368257934,0.0237934023529718,0.24047514659510758,-0.05668203958652527,1.64987861175983,-0.5639162570553793,-1.5415317961065162
2026-02-01,-1.9047739086133209,-2.2712900446502147,0.04168198303532564,1.4223195172556067,0.6530882197343313,0.0628049805376508,-0.6489089042582916,1.1057117413485862,5.483160646546195,1.2883452843736078,-0.6737657482926213,0.0028615032196792,-0.3873741244873949,0.11596565431710171,-0.6790944707498003,-1.381129760910498,0.0033650892365146,0.017360945283515495,-0.37939277148647194,0.41368491198797164,0.23931107142973082,0.0032178260006130014
2026-02-08,-1.365285760149551,2.518083201354976,0.07898295487037703,-0.9033168975848962,-0.022189870014139464,0.0127284614552869,-0.6619472568922076,0.16188413956579745,7.2544517939134066,-0.8248640399254361,0.49692623189368,0.0039492297614951,0.04733595471473713,0.11168352587180237,-0.6525565823636378,1.111760178547594,0.0015537539860174,-0.346789662867595,-0.05208550983759096,-0.3428284091242295,-0.5374527216399224,-0.8698025533800721
2026-02-15,-0.6071862279182033,-1.962490196139307,0.3149314001410105,-0.18240050204461916,-0.022189870014139464,0.0021888508499061,-0.23258342460833195,-0.07634235751789974,1.3491279832724012,0.7115546799448867,0.554884608589776,0.001227827909095,0.6182668760328167,0.09083142213816922,-0.6868151392377695,-0.8686096485057841,-0.004382674449906,0.7972017758553134,-0.15646463249022857,-0.346312616481849,0.4376813864634542,0.7122241203042734
2026-02-22,-0.20890754222296998,0.32427610509851046,0.22732885098548103,1.1444683640143045,-0.022189870014139464,-0.003938242479267,0.3703384981450535,-0.14972529848864918,-0.18737451236677935,1.0014552725887398,0.5316995262760968,0.0002555453665396,-1.398221425269412,-0.8475132458753836,-0.7976273649747558,1.1308554316297992,-0.0001949347247976,0.09444930323362752,-1.2601561435603816,-0.3155754106252169,1.3932294738991555,1.2532571198177698
2026-03-01,-0.5375189019410461,-1.0784599596104816,-0.48119139719567006,0.12620619073243405,-2.6713577605658343,0.0028014537616226,-0.23218053327527993,0.1086980750283184,-0.20056458319379583,-0.8288649095566436,-1.1269090368036732,0.0011766899796477,0.9181238263340539,0.572350396513546,-0.7977719984458248,-0.38273030941221825,-0.0067035364145765,-0.3767910539981601,-1.046277821589064,-0.3519740999423825,-0.9125071384895579,-1.1475820318528736
2026-03-08,0.5685783004977555,2.8354682991124243,-1.8624238000063627,5.182584802299248,-0.022189870014139464,-0.0090287069479208,0.910632525305707,0.5613145023171724,0.13758048651985533,0.7256253957717355,0.903461735558445,-0.0008957137595119,-0.38482261814914626,-0.2108782203794652,-0.7977719984458248,-0.08698894408112383,-0.0021045710321134,-0.30242832617472226,-1.3950576971894004,-0.2673410571514362,0.18137447373092275,0.15283586751687525
2026-03-15,1.867078841812072,-0.6554889127267957,0.4497908731822325,2.201399108406588,-0.022189870014139464,-0.0072649938239163,-0.1737881126420898,-0.5909628954602166,0.5226289404582345,0.4985581542402557,0.4918339084605358,0.0004167269992079,-0.3873741244873949,-0.5263536124778885,-0.7061072459788885,0.7759728978456932,-0.0024763339847882,0.077434858842528,-0.34492452327847095,-0.3328090937854179,-1.3730396426833793,-0.9040603511297032
2026-03-22,-1.1288525756435608,1.0746688138015656,0.03318871818663581,1.7145449810724258,-0.022189870014139464,-0.0046155929939253,-0.12076660117823339,-0.7105025207476332,0.2780292961566728,-0.168146070939192,-0.5542082513122567,-0.0002660561764946,-0.09778191847072426,-0.36577379577914093,-0.7943761668688304,-0.44026583528279106,-0.0020273042238558,0.05702549483511782,-1.3209402735681215,-0.3296853965976964,-0.5939967799317705,-0.4956368802141244
2026-03-29,-0.4290093466526631,1.0149935715660916,-0.6394945867197928,-0.01526605283274709,-0.022189870014139464,-0.0078109861573642,0.20392991883619518,-0.7134442117502324,0.09093263680948205,0.3986787716840151,0.2419359150150432,4.981923970071915e-05,1.32510398623315,0.8433784991917751,-0.7185035340724886,-1.2935550803199698,-0.0004784288732693,0.09638348123041028,-1.0490557327385135,-0.3245131953774815,0.09255097778113178,0.5501490224145594
