date,group,fixed_basket_index,basket_n
2024-03-03,high,100.0,34
2024-03-10,high,99.98899324919283,34
2024-03-17,high,100.0,34
2024-03-24,high,100.0,34
2024-03-31,high,100.0,34
2024-04-07,high,99.91607952177353,34
2024-04-14,high,100.00366891693572,34
2024-04-21,high,100.00292073135114,34
2024-04-28,high,99.66065548484015,34
2024-05-05,high,100.0,34
2024-05-12,high,100.00058662724531,34
2024-05-19,high,99.95791571668505,34
2024-05-26,high,99.88532033183333,34
2024-06-02,high,99.97484171244076,34
2024-06-09,high,98.4816018323443,34
2024-06-16,high,98.4666199461291,34
2024-06-23,high,98.80935444686416,34
2024-06-30,high,99.61369680123443,34
2024-07-07,high,99.17861080485115,34
2024-07-14,high,99.790489659414,34
2024-07-21,high,99.91111282130214,34
2024-07-28,high,99.40263453919846,34
2024-08-04,high,99.48078721820299,34
2024-08-11,high,99.4010792733906,34
2024-08-18,high,99.59787315843138,34
2024-08-25,high,99.58839477718405,34
2024-09-01,high,98.98153074409059,34
2024-09-08,high,98.91278041389573,34
2024-09-15,high,100.0,34
2024-09-22,high,100.0,34
2024-09-29,high,100.0,34
2024-10-06,high,100.0,34
2024-10-13,high,100.42502334267041,34
2024-10-20,high,100.42315592903827,34
2024-10-27,high,100.42315592903827,34
2024-11-03,high,99.91692977542394,34
2024-11-10,high,100.03692009981157,34
2024-11-17,high,100.13685899068085,34
2024-11-24,high,101.7864352998445,34
2024-12-01,high,99.66889513465279,34
2024-12-08,high,101.57837399005308,34
2024-12-15,high,103.05120180520258,34
2024-12-22,high,102.87308898100184,34
2024-12-29,high,102.87308898100184,34
2025-01-05,high,103.6160486051557,34
2025-01-12,high,106.26315789473684,34
2025-01-19,high,108.00062122250263,34
2025-01-26,high,109.26470028288928,34
2025-02-02,high,108.54243367896495,34
2025-02-09,high,108.8520749665328,34
2025-02-16,high,118.81175376472999,34
2025-02-23,high,126.22960563463997,34
2025-03-02,high,134.13976143503572,34
2025-03-09,high,137.31587561374795,34
2025-03-16,high,126.22960563463997,34
2025-03-23,high,126.44263266379043,34
2025-03-30,high,128.59128822984246,34
2025-04-06,high,123.38690132001815,34
2025-04-13,high,126.3361191492152,34
2025-04-20,high,127.41044693224121,34
2025-04-27,high,134.10719078648464,34
2025-05-04,high,134.13976143503572,34
2025-05-11,high,134.13976143503572,34
2025-05-18,high,134.13976143503572,34
2025-05-25,high,134.13976143503572,34
2025-06-01,high,134.13976143503572,34
2025-06-08,high,134.1066251756249,34
2025-06-15,high,134.1066251756249,34
2025-06-22,high,129.34869043638378,34
2025-06-29,high,,34
2025-07-06,high,,34
2025-07-13,high,135.8117476319438,34
2025-07-20,high,135.8117476319438,34
2025-07-27,high,134.13976143503572,34
2025-08-03,high,134.13976143503572,34
2025-08-10,high,136.73889822128547,34
2025-08-17,high,132.46777523812762,34
2025-08-24,high,131.2791364878421,34
2025-08-31,high,134.13976143503572,34
2025-09-07,high,134.13976143503572,34
2025-09-14,high,123.52542736619027,34
2025-09-21,high,123.52542736619027,34
2025-09-28,high,126.0067313831802,34
2025-10-05,high,132.46777523812762,34
2025-10-12,high,133.55017239811454,34
2025-10-19,high,133.79853573690343,34
2025-10-26,high,128.56736164047004,34
2025-11-02,high,132.46777523812762,34
2025-11-09,high,134.13976143503572,34
2025-11-16,high,133.79853573690343,34
2025-11-23,high,133.79853573690343,34
2025-11-30,high,135.12929623567922,34
2025-12-07,high,135.12929623567922,34
2025-12-14,high,135.12929623567922,34
2025-12-21,high,135.12929623567922,34
2025-12-28,high,135.12929623567922,34
2026-01-04,high,135.4705219338115,34
2026-01-11,high,135.4705219338115,34
2026-01-18,high,134.13976143503572,34
2026-01-25,high,135.66487752579582,34
2026-02-01,high,135.66487752579582,34
2026-02-08,high,142.22601984564497,34
2026-02-15,high,142.22601984564497,34
2026-02-22,high,139.0188837387944,34
2026-03-01,high,142.98632109940974,34
2026-03-08,high,142.98632109940974,34
2026-03-15,high,142.98632109940974,34
2026-03-22,high,142.98632109940974,34
2026-03-29,high,142.98632109940974,34
2026-04-05,high,,34
2024-03-03,low,100.0,8
2024-03-10,low,100.0,8
2024-03-17,low,100.0,8
2024-03-24,low,100.0,8
2024-03-31,low,100.21663778162912,8
2024-04-07,low,105.13316045487241,8
2024-04-14,low,105.52679141203362,8
2024-04-21,low,107.40571078149553,8
2024-04-28,low,107.40571078149553,8
2024-05-05,low,107.7238072292902,8
2024-05-12,low,107.64083506686734,8
2024-05-19,low,107.64554827335097,8
2024-05-26,low,107.64803955386915,8
2024-06-02,low,106.58413941578263,8
2024-06-09,low,106.40896998912112,8
2024-06-16,low,106.39540587183612,8
2024-06-23,low,106.61820974941259,8
2024-06-30,low,106.96449774144048,8
2024-07-07,low,106.03837824114731,8
2024-07-14,low,105.78523693934315,8
2024-07-21,low,105.49873967975172,8
2024-07-28,low,104.77549427903809,8
2024-08-04,low,104.66489837094723,8
2024-08-11,low,104.79488103992469,8
2024-08-18,low,104.84687410751569,8
2024-08-25,low,105.49008705631817,8
2024-09-01,low,107.92942099885042,8
2024-09-08,low,108.21551833146138,8
2024-09-15,low,108.03335622147728,8
2024-09-22,low,108.36264564955354,8
2024-09-29,low,106.10918544194108,8
2024-10-06,low,107.58274963568871,8
2024-10-13,low,107.45899085036282,8
2024-10-20,low,108.11659192825111,8
2024-10-27,low,108.10553633217994,8
2024-11-03,low,106.8166089965398,8
2024-11-10,low,106.80795847750866,8
2024-11-17,low,106.80795847750866,8
2024-11-24,low,110.48068669527898,8
2024-12-01,low,115.84615384615384,8
2024-12-08,low,115.84615384615384,8
2024-12-15,low,111.1587982832618,8
2024-12-22,low,112.95012520555738,8
2024-12-29,low,112.90494102530226,8
2025-01-05,low,113.52658399464534,8
2025-01-12,low,118.57997010463379,8
2025-01-19,low,116.79891410107543,8
2025-01-26,low,118.90191839292092,8
2025-02-02,low,118.35383667891992,8
2025-02-09,low,116.51692680767528,8
2025-02-16,low,116.96327873900577,8
2025-02-23,low,125.53467707315053,8
2025-03-02,low,128.62127234609662,8
2025-03-09,low,124.74583982014506,8
2025-03-16,low,118.53113245272448,8
2025-03-23,low,121.02007351950576,8
2025-03-30,low,120.57299451918286,8
2025-04-06,low,120.44843049327353,8
2025-04-13,low,119.31330472103004,8
2025-04-20,low,118.95797327379921,8
2025-04-27,low,118.99035992053564,8
2025-05-04,low,117.77576764585751,8
2025-05-11,low,118.61267751710216,8
2025-05-18,low,118.59842054953585,8
2025-05-25,low,118.56948748051349,8
2025-06-01,low,119.61048134105738,8
2025-06-08,low,119.35945863298198,8
2025-06-15,low,119.03273521216515,8
2025-06-22,low,118.77576764585751,8
2025-06-29,low,,8
2025-07-06,low,,8
2025-07-13,low,117.81010240980602,8
2025-07-20,low,117.8015187188189,8
2025-07-27,low,118.8916474741837,8
2025-08-03,low,118.8916474741837,8
2025-08-10,low,118.8916474741837,8
2025-08-17,low,118.8916474741837,8
2025-08-24,low,118.85926082744729,8
2025-08-31,low,118.82687418071086,8
2025-09-07,low,118.85926082744729,8
2025-09-14,low,118.8368393027836,8
2025-09-21,low,119.38376626014956,8
2025-09-28,low,119.91030528099748,8
2025-10-05,low,144.6852956027147,8
2025-10-12,low,144.6852956027147,8
2025-10-19,low,143.83319820590447,8
2025-10-26,low,143.79259174005375,8
2025-11-02,low,134.26123518017664,8
2025-11-09,low,148.06105437383434,8
2025-11-16,low,158.74122120976483,8
2025-11-23,low,142.10784813466626,8
2025-11-30,low,142.0471895558101,8
2025-12-07,low,146.3518197573657,8
2025-12-14,low,153.88214904679376,8
2025-12-21,low,168.10225303292893,8
2025-12-28,low,169.76603119584055,8
2026-01-04,low,172.5695827620994,8
2026-01-11,low,169.56698310871985,8
2026-01-18,low,169.48032799606818,8
2026-01-25,low,174.88138530070128,8
2026-02-01,low,174.88138530070128,8
2026-02-08,low,175.37313432835822,8
2026-02-15,low,173.00663636833136,8
2026-02-22,low,166.1764705882353,8
2026-03-01,low,161.82525951557093,8
2026-03-08,low,161.76470588235296,8
2026-03-15,low,161.0051993067591,8
2026-03-22,low,161.0051993067591,8
2026-03-29,low,161.0051993067591,8
2026-04-05,low,,8
2024-03-03,mid,100.0,84
2024-03-10,mid,100.0,84
2024-03-17,mid,100.0,84
2024-03-24,mid,100.0,84
2024-03-31,mid,100.0,84
2024-04-07,mid,100.0,84
2024-04-14,mid,100.0,84
2024-04-21,mid,100.47505371210312,84
2024-04-28,mid,100.23633325375985,84
2024-05-05,mid,100.22439723084268,84
2024-05-12,mid,100.0,84
2024-05-19,mid,100.0,84
2024-05-26,mid,100.0,84
2024-06-02,mid,100.0,84
2024-06-09,mid,100.0,84
2024-06-16,mid,100.0,84
2024-06-23,mid,100.0,84
2024-06-30,mid,100.0,84
2024-07-07,mid,100.0,84
2024-07-14,mid,100.0,84
2024-07-21,mid,100.0,84
2024-07-28,mid,100.0,84
2024-08-04,mid,100.00033265803752,84
2024-08-11,mid,100.56857378786663,84
2024-08-18,mid,100.5529407414457,84
2024-08-25,mid,100.52232766865299,84
2024-09-01,mid,100.0,84
2024-09-08,mid,100.0,84
2024-09-15,mid,100.0,84
2024-09-22,mid,100.0261910997881,84
2024-09-29,mid,100.0,84
2024-10-06,mid,100.0,84
2024-10-13,mid,100.0,84
2024-10-20,mid,100.0,84
2024-10-27,mid,100.0,84
2024-11-03,mid,100.0,84
2024-11-10,mid,100.0,84
2024-11-17,mid,100.0,84
2024-11-24,mid,100.0005071513549,84
2024-12-01,mid,100.08322534470227,84
2024-12-08,mid,100.04914125654194,84
2024-12-15,mid,101.87623514845592,84
2024-12-22,mid,102.89681612321084,84
2024-12-29,mid,104.28178983366539,84
2025-01-05,mid,105.80071907848033,84
2025-01-12,mid,109.0991271890306,84
2025-01-19,mid,110.1753406114464,84
2025-01-26,mid,110.4636321077802,84
2025-02-02,mid,110.4636321077802,84
2025-02-09,mid,110.4636321077802,84
2025-02-16,mid,110.57790835909225,84
2025-02-23,mid,112.22094696208714,84
2025-03-02,mid,112.67320335316519,84
2025-03-09,mid,114.04493095472554,84
2025-03-16,mid,114.04493095472554,84
2025-03-23,mid,115.62597556688469,84
2025-03-30,mid,115.74515869644358,84
2025-04-06,mid,115.84613381675443,84
2025-04-13,mid,116.36634750191733,84
2025-04-20,mid,117.17096867884561,84
2025-04-27,mid,117.87183089093267,84
2025-05-04,mid,117.44604316546763,84
2025-05-11,mid,116.43134360341914,84
2025-05-18,mid,117.3298692591351,84
2025-05-25,mid,117.3298692591351,84
2025-06-01,mid,116.58456486042692,84
2025-06-08,mid,116.8015734926999,84
2025-06-15,mid,116.58456486042692,84
2025-06-22,mid,117.35503678387302,84
2025-06-29,mid,,84
2025-07-06,mid,,84
2025-07-13,mid,116.58456486042692,84
2025-07-20,mid,116.31591905273945,84
2025-07-27,mid,116.1230959234263,84
2025-08-03,mid,115.65969607445597,84
2025-08-10,mid,115.66162698642569,84
2025-08-17,mid,117.01530401294727,84
2025-08-24,mid,117.01530401294727,84
2025-08-31,mid,116.58456486042692,84
2025-09-07,mid,117.75232641374373,84
2025-09-14,mid,117.16844563708533,84
2025-09-21,mid,113.51123724093924,84
2025-09-28,mid,113.43984369267605,84
2025-10-05,mid,114.56261880845358,84
2025-10-12,mid,114.56261880845358,84
2025-10-19,mid,114.72636032586884,84
2025-10-26,mid,114.98323835065369,84
2025-11-02,mid,105.9932047306957,84
2025-11-09,mid,107.42331333301254,84
2025-11-16,mid,107.56826680473768,84
2025-11-23,mid,108.973860684252,84
2025-11-30,mid,109.23566878980893,84
2025-12-07,mid,109.23566878980893,84
2025-12-14,mid,109.23566878980893,84
2025-12-21,mid,109.23566878980893,84
2025-12-28,mid,111.30502590000187,84
2026-01-04,mid,109.23566878980893,84
2026-01-11,mid,109.23566878980893,84
2026-01-18,mid,110.51181102362204,84
2026-01-25,mid,114.53947005498041,84
2026-02-01,mid,117.16112348250844,84
2026-02-08,mid,118.20271532217512,84
2026-02-15,mid,123.22335025380711,84
2026-02-22,mid,119.8443210403911,84
2026-03-01,mid,122.51630024540412,84
2026-03-08,mid,125.09219376943773,84
2026-03-15,mid,126.38998635155521,84
2026-03-22,mid,127.84134895169643,84
2026-03-29,mid,126.57579311804832,84
2026-04-05,mid,,84
