date,CPU_ALL,GPU_ALL,RAM_ALL
2024-03-03,100.0,100.0,100.0
2024-03-10,99.8523098245527,100.21911313488891,100.29005171929133
2024-03-17,99.90300308108601,100.5294554695617,100.4378647281992
2024-03-24,99.97029591940515,100.73571402948946,100.13542616723609
2024-03-31,100.07472927334541,100.84591553890925,99.98449739802628
2024-04-07,99.21036825935391,100.83428423323649,99.47309402489806
2024-04-14,99.27413273736525,100.8636991226067,99.82889476537918
2024-04-21,98.76277512306169,101.1087775446141,100.14527129223984
2024-04-28,98.33434151300757,101.01433844691992,100.17848959707354
2024-05-05,98.04393593092354,100.9498395549576,100.06405521844331
2024-05-12,98.09302948042931,101.01170087121383,99.9454618454981
2024-05-19,97.9135195671066,100.90268555463102,100.03615307195835
2024-05-26,97.39899472193403,100.75897384379029,99.84822893764375
2024-06-02,96.90390264399394,100.59807877657389,99.61355203431643
2024-06-09,97.25597447624448,100.39329554791746,99.36521688653299
2024-06-16,96.95917711877922,100.35886498657943,99.28171519909372
2024-06-23,97.30590616628542,100.50874133236864,99.36953449104476
2024-06-30,97.58048361429643,100.53438120228678,99.37500161077824
2024-07-07,97.52025305831597,100.28641025125093,99.19938982204988
2024-07-14,97.64041910746228,100.34899155087253,99.2531047010632
2024-07-21,97.79863254963234,100.38252740441506,99.12087097878728
2024-07-28,97.56436496921326,100.63852579395997,99.12782964495254
2024-08-04,97.75532660300205,100.8549651381323,99.1224202962961
2024-08-11,97.60678900496018,100.8912842566858,98.97538876961318
2024-08-18,97.38695593628883,100.92472664390131,98.99929355402658
2024-08-25,97.42404045695963,101.06299352955725,98.93481060286831
2024-09-01,96.51125450370765,100.68526657628628,98.72544360076552
2024-09-08,96.3997257883791,100.63290784672454,98.49552456599778
2024-09-15,96.44987097487389,100.7214298077661,98.18253356878394
2024-09-22,97.31168322179226,100.94542947760604,98.26045421078942
2024-09-29,97.46886486467582,100.94356968250803,98.17538432840445
2024-10-06,96.57679941248819,100.83095570250927,97.78813641447542
2024-10-13,95.79592747757441,100.76393403330253,97.55330334801937
2024-10-20,95.68927893512942,100.73689613261378,97.10583182257888
2024-10-27,94.72707018427947,100.68942773673332,96.23143780084173
2024-11-03,94.40517435364174,100.58789492733875,95.89052368929417
2024-11-10,94.64884492135394,100.65850829077637,95.83316240198965
2024-11-17,94.73179665797626,100.64333681506365,95.92118459782694
2024-11-24,95.51573372751588,101.0348894970668,96.03430405071092
2024-12-01,95.2735502232381,101.19304755296722,96.02810575147394
2024-12-08,95.05142615669558,101.23355549597746,95.95565435850408
2024-12-15,95.23177370518076,101.89997393812888,95.92410756110766
2024-12-22,95.3214596706016,102.40154595077057,95.85653095451417
2024-12-29,95.64244974775879,102.73847498530297,95.93461981607025
2025-01-05,95.98495579998556,103.37986215192491,95.9897035345224
2025-01-12,96.27470883021864,104.87850198332316,96.2642692823866
2025-01-19,96.84180704442633,105.20871422091236,96.36474876726149
2025-01-26,97.53416851758328,105.71670486991516,96.57515207751878
2025-02-02,96.77852334856608,105.52642725104407,95.92774786209911
2025-02-09,93.79183837979295,106.40423743433209,96.12258207236181
2025-02-16,94.38600511681088,107.84440147489501,96.28661794901245
2025-02-23,94.00614496323229,108.51849291654715,96.25607370100728
2025-03-02,93.70997057273391,109.05923886521047,96.41772165539211
2025-03-09,94.13934176179721,109.29691608891083,95.89571863130432
2025-03-16,93.9987779216287,108.54546939528727,95.95846099426834
2025-03-23,92.89505473487316,107.76993332510055,96.43591872047334
2025-03-30,92.29121160962555,107.25097255693173,97.05161192049272
2025-04-06,92.04997022718257,106.67492712503287,97.17006191934315
2025-04-13,91.44853478417245,106.4106484238015,97.21747503163328
2025-04-20,91.820337997594,105.83614813071722,97.98088644501448
2025-04-27,90.83306918309624,105.60077160646205,97.96272244023547
2025-05-04,89.91117755881683,105.03770679549288,97.84974655320308
2025-05-11,90.2531390903249,104.45955526596676,97.80751509710788
2025-05-18,89.94830319039966,103.84256826929236,97.73733370702311
2025-05-25,90.42970848957742,103.58007562095534,98.00505221591533
2025-06-01,89.72323136499374,102.78380960557419,97.95201378522572
2025-06-08,89.91630717541749,102.23913510998797,97.93068048545135
2025-06-15,89.8778003206816,101.84756751097912,97.94824687706755
2025-06-22,89.92330078530127,101.24812223696955,98.32752415350869
2025-06-29,,,
2025-07-06,,,
2025-07-13,87.70048857079395,100.69333355870239,101.10386911556299
2025-07-20,87.6652311480519,100.58491473589396,101.17609925986412
2025-07-27,87.56399755260603,99.96910257117688,101.42767601371285
2025-08-03,88.0864481355335,99.74534665119111,101.74996828756314
2025-08-10,87.83234131628366,99.30449457756963,101.60524656755454
2025-08-17,87.8515558063994,99.37926229058122,101.8323185700352
2025-08-24,87.82958770552756,99.1721948220427,101.86237417183906
2025-08-31,87.48238150095173,98.79242026593762,101.84436843996765
2025-09-07,87.43911286588046,98.62288192744943,102.0048709602097
2025-09-14,87.9486918952435,98.51386978090851,102.12938558250912
2025-09-21,87.67844980340172,98.45573178368367,102.49197313847309
2025-09-28,87.24620434559272,98.35517686777163,104.12210005925763
2025-10-05,87.99546357215485,98.09059342090971,107.9943920436874
2025-10-12,88.01235895136361,97.9569000619354,108.71747053898517
2025-10-19,88.107825646981,98.4692515055673,115.14164615934536
2025-10-26,88.31850913353155,98.38055962381033,127.87625951179534
2025-11-02,88.7332707395172,98.17476472331045,148.571045579378
2025-11-09,89.83155046885736,98.76009289343337,154.7872134360819
2025-11-16,90.17131337108077,99.19599691071205,170.45794391032507
2025-11-23,90.53019157522691,99.1647664201164,175.73838569026418
2025-11-30,90.63211306263103,99.19905924210462,177.6619613065632
2025-12-07,90.6449696899835,99.23447705583158,179.58610376442712
2025-12-14,91.01923103302327,99.26273663406569,182.48684352908256
2025-12-21,91.41322666574054,99.51019605120344,193.31613159326213
2025-12-28,91.86686945747441,99.8440604207166,213.27063431013715
2026-01-04,92.3322628377645,100.16397268165552,221.41473744788627
2026-01-11,92.76021876452603,100.76723601376796,226.9539909576434
2026-01-18,93.24223050832657,103.56869614985187,238.10200575403843
2026-01-25,93.63877837429791,108.78998160363882,243.8351981818746
2026-02-01,93.90710977258696,115.84165666673218,244.65710750627397
2026-02-08,94.27870379744684,117.32556663954881,245.03753993493544
2026-02-15,94.39453291576311,117.5826560683665,243.9659700555715
2026-02-22,94.41865808368254,117.1204977006011,243.91841725133568
2026-03-01,94.52982496419179,117.44906537813851,242.28876956308903
2026-03-08,94.44519120875522,116.39342489092517,241.7793918360766
2026-03-15,94.48455727175822,115.55089158333475,241.18140602312917
2026-03-22,94.45942241550286,115.01878463690137,240.6929532284834
2026-03-29,94.4641284293342,114.12387411908088,240.5778263122828
2026-04-05,,,
