date,group,from_date,index_ffill,index_valid,log_return,ret_lvl,ret_w,n_matched,n_used,n_trim,n_adj,n_adj_used,n_adj_trim,step_n,interval_days,bridge,valid_step,ret_ok
2024-03-03,high,,100.0,100.0,,,,0,0,0,0,0,0,0,,False,True,False
2024-03-10,high,2024-03-03,100.04384098359766,100.04384098359766,0.0004383137624631914,0.0004383137624631914,0.0004383137624631914,365,326,39,365,326,39,1,7.0,False,True,True
2024-03-17,high,2024-03-10,100.32535680535602,100.32535680535602,0.002809972891053114,0.002809972891053114,0.002809972891053114,372,332,40,372,332,40,1,7.0,False,True,True
2024-03-24,high,2024-03-17,100.3868413576241,100.3868413576241,0.0006126638515650277,0.0006126638515650277,0.0006126638515650277,366,326,40,366,326,40,1,7.0,False,True,True
2024-03-31,high,2024-03-24,100.3548698869751,100.3548698869751,-0.00031853341013296055,-0.00031853341013296055,-0.00031853341013296055,369,330,39,369,330,39,1,7.0,False,True,True
2024-04-07,high,2024-03-31,100.24598632827629,100.24598632827629,-0.001085574323521214,-0.001085574323521214,-0.001085574323521214,376,333,43,376,333,43,1,7.0,False,True,True
2024-04-14,high,2024-04-07,100.32701292844763,100.32701292844763,0.0008079512684095688,0.0008079512684095688,0.0008079512684095688,373,335,38,373,335,38,1,7.0,False,True,True
2024-04-21,high,2024-04-14,100.49299659756704,100.49299659756704,0.0016530594467005022,0.0016530594467005022,0.0016530594467005022,374,335,39,374,335,39,1,7.0,False,True,True
2024-04-28,high,2024-04-21,100.4134034116467,100.4134034116467,-0.0007923410113443484,-0.0007923410113443484,-0.0007923410113443484,381,343,38,381,343,38,1,7.0,False,True,True
2024-05-05,high,2024-04-28,100.20847250140126,100.20847250140126,-0.002042957484960395,-0.002042957484960395,-0.002042957484960395,384,343,41,384,343,41,1,7.0,False,True,True
2024-05-12,high,2024-05-05,100.31322286995498,100.31322286995498,0.001044778500283413,0.001044778500283413,0.001044778500283413,387,347,40,387,347,40,1,7.0,False,True,True
2024-05-19,high,2024-05-12,100.15822939373287,100.15822939373287,-0.0015462900612988103,-0.0015462900612988103,-0.0015462900612988103,383,343,40,383,343,40,1,7.0,False,True,True
2024-05-26,high,2024-05-19,100.04577544460808,100.04577544460808,-0.0011233937207412081,-0.0011233937207412081,-0.0011233937207412081,390,348,42,390,348,42,1,7.0,False,True,True
2024-06-02,high,2024-05-26,99.92230337481047,99.92230337481047,-0.0012349179550861019,-0.0012349179550861019,-0.0012349179550861019,385,343,42,385,343,42,1,7.0,False,True,True
2024-06-09,high,2024-06-02,99.63978270268338,99.63978270268338,-0.002831408174012617,-0.002831408174012617,-0.002831408174012617,387,345,42,387,345,42,1,7.0,False,True,True
2024-06-16,high,2024-06-09,99.54087807617562,99.54087807617562,-0.0009931148360484698,-0.0009931148360484698,-0.0009931148360484698,385,344,41,385,344,41,1,7.0,False,True,True
2024-06-23,high,2024-06-16,99.70816873859532,99.70816873859532,0.001679212065542071,0.001679212065542071,0.001679212065542071,384,343,41,384,343,41,1,7.0,False,True,True
2024-06-30,high,2024-06-23,99.64384945635274,99.64384945635274,-0.0006452835045944946,-0.0006452835045944946,-0.0006452835045944946,379,341,38,379,341,38,1,7.0,False,True,True
2024-07-07,high,2024-06-30,99.39634699553537,99.39634699553537,-0.002486960853091202,-0.002486960853091202,-0.002486960853091202,380,342,38,380,342,38,1,7.0,False,True,True
2024-07-14,high,2024-07-07,99.49162783218233,99.49162783218233,0.0009581357949737116,0.0009581357949737116,0.0009581357949737116,380,342,38,380,342,38,1,7.0,False,True,True
2024-07-21,high,2024-07-14,99.51408373321013,99.51408373321013,0.00022568097112857168,0.00022568097112857168,0.00022568097112857168,379,340,39,379,340,39,1,7.0,False,True,True
2024-07-28,high,2024-07-21,99.78403934776858,99.78403934776858,0.00270906494738883,0.00270906494738883,0.00270906494738883,384,342,42,384,342,42,1,7.0,False,True,True
2024-08-04,high,2024-07-28,99.97233711692913,99.97233711692913,0.0018852747358023673,0.0018852747358023673,0.0018852747358023673,367,326,41,367,326,41,1,7.0,False,True,True
2024-08-11,high,2024-08-04,100.02387020386821,100.02387020386821,0.000515340653404787,0.000515340653404787,0.000515340653404787,365,327,38,365,327,38,1,7.0,False,True,True
2024-08-18,high,2024-08-11,100.06049918557521,100.06049918557521,0.0003661353680746493,0.0003661353680746493,0.0003661353680746493,357,320,37,357,320,37,1,7.0,False,True,True
2024-08-25,high,2024-08-18,100.21674670750593,100.21674670750593,0.0015603125850234953,0.0015603125850234953,0.0015603125850234953,358,321,37,358,321,37,1,7.0,False,True,True
2024-09-01,high,2024-08-25,99.8455769768771,99.8455769768771,-0.003710545290618769,-0.003710545290618769,-0.003710545290618769,363,325,38,363,325,38,1,7.0,False,True,True
2024-09-08,high,2024-09-01,99.81454804863722,99.81454804863722,-0.00031081748031268493,-0.00031081748031268493,-0.00031081748031268493,362,324,38,362,324,38,1,7.0,False,True,True
2024-09-15,high,2024-09-08,100.03087222832715,100.03087222832715,0.0021649159023033483,0.0021649159023033483,0.0021649159023033483,359,323,36,359,323,36,1,7.0,False,True,True
2024-09-22,high,2024-09-15,100.31288853226968,100.31288853226968,0.0028153259092772633,0.0028153259092772633,0.0028153259092772633,355,319,36,355,319,36,1,7.0,False,True,True
2024-09-29,high,2024-09-22,100.3162934639339,100.3162934639339,3.394253648121066e-05,3.394253648121066e-05,3.394253648121066e-05,350,314,36,350,314,36,1,7.0,False,True,True
2024-10-06,high,2024-09-29,100.24158229385014,100.24158229385014,-0.0007450335546018372,-0.0007450335546018372,-0.0007450335546018372,357,320,37,357,320,37,1,7.0,False,True,True
2024-10-13,high,2024-10-06,100.13468639236959,100.13468639236959,-0.001066951813427371,-0.001066951813427371,-0.001066951813427371,348,314,34,348,314,34,1,7.0,False,True,True
2024-10-20,high,2024-10-13,100.06248963941765,100.06248963941765,-0.0007212564883559977,-0.0007212564883559977,-0.0007212564883559977,344,308,36,344,308,36,1,7.0,False,True,True
2024-10-27,high,2024-10-20,100.02145387189799,100.02145387189799,-0.0004101855188865585,-0.0004101855188865585,-0.0004101855188865585,345,309,36,345,309,36,1,7.0,False,True,True
2024-11-03,high,2024-10-27,100.00481877309568,100.00481877309568,-0.00016632913887448808,-0.00016632913887448808,-0.00016632913887448808,348,312,36,348,312,36,1,7.0,False,True,True
2024-11-10,high,2024-11-03,100.16193181491035,100.16193181491035,0.0015698218971745843,0.0015698218971745843,0.0015698218971745843,348,314,34,348,314,34,1,7.0,False,True,True
2024-11-17,high,2024-11-10,100.23573535834404,100.23573535834404,0.0007365709173316983,0.0007365709173316983,0.0007365709173316983,350,314,36,350,314,36,1,7.0,False,True,True
2024-11-24,high,2024-11-17,100.64868684199833,100.64868684199833,0.004111339852154585,0.004111339852154585,0.004111339852154585,352,316,36,352,316,36,1,7.0,False,True,True
2024-12-01,high,2024-11-24,100.80880465234975,100.80880465234975,0.0015895943395237877,0.0015895943395237877,0.0015895943395237877,360,324,36,360,324,36,1,7.0,False,True,True
2024-12-08,high,2024-12-01,100.80644545265596,100.80644545265596,-2.340298854054645e-05,-2.340298854054645e-05,-2.340298854054645e-05,358,328,30,358,328,30,1,7.0,False,True,True
2024-12-15,high,2024-12-08,101.57489779088236,101.57489779088236,0.007594139054731881,0.007594139054731881,0.007594139054731881,349,312,37,349,312,37,1,7.0,False,True,True
2024-12-22,high,2024-12-15,101.84695396651539,101.84695396651539,0.0026747995408164626,0.0026747995408164626,0.0026747995408164626,348,312,36,348,312,36,1,7.0,False,True,True
2024-12-29,high,2024-12-22,102.13776117589858,102.13776117589858,0.00285126663726021,0.00285126663726021,0.00285126663726021,338,303,35,338,303,35,1,7.0,False,True,True
2025-01-05,high,2024-12-29,102.75900457286461,102.75900457286461,0.0060639834736880985,0.0060639834736880985,0.0060639834736880985,330,296,34,330,296,34,1,7.0,False,True,True
2025-01-12,high,2025-01-05,104.76614658659867,104.76614658659867,0.01934420566588852,0.01934420566588852,0.01934420566588852,309,278,31,309,278,31,1,7.0,False,True,True
2025-01-19,high,2025-01-12,104.89403670607634,104.89403670607634,0.0012199754224303408,0.0012199754224303408,0.0012199754224303408,311,278,33,311,278,33,1,7.0,False,True,True
2025-01-26,high,2025-01-19,105.31846442267236,105.31846442267236,0.0040380880399490185,0.0040380880399490185,0.0040380880399490185,310,278,32,310,278,32,1,7.0,False,True,True
2025-02-02,high,2025-01-26,105.2188216225326,105.2188216225326,-0.0009465573481185433,-0.0009465573481185433,-0.0009465573481185433,309,275,34,309,275,34,1,7.0,False,True,True
2025-02-09,high,2025-02-02,106.5194537797452,106.5194537797452,0.012285436004533109,0.012285436004533109,0.012285436004533109,286,258,28,286,258,28,1,7.0,False,True,True
2025-02-16,high,2025-02-09,109.35798844894659,109.35798844894659,0.02629916533314389,0.02629916533314389,0.02629916533314389,270,239,31,270,239,31,1,7.0,False,True,True
2025-02-23,high,2025-02-16,110.41733215759812,110.41733215759812,0.009640317301816767,0.009640317301816767,0.009640317301816767,231,206,25,231,206,25,1,7.0,False,True,True
2025-03-02,high,2025-02-23,111.11864848763283,111.11864848763283,0.0063314200319886825,0.0063314200319886825,0.0063314200319886825,208,186,22,208,186,22,1,7.0,False,True,True
2025-03-09,high,2025-03-02,111.12753694942869,111.12753694942869,7.998753079277999e-05,7.998753079277999e-05,7.998753079277999e-05,179,160,19,179,160,19,1,7.0,False,True,True
2025-03-16,high,2025-03-09,108.75865392256668,108.75865392256668,-0.02154728016239064,-0.02154728016239064,-0.02154728016239064,180,162,18,180,162,18,1,7.0,False,True,True
2025-03-23,high,2025-03-16,106.62184421086222,106.62184421086222,-0.01984283481291841,-0.01984283481291841,-0.01984283481291841,218,194,24,218,194,24,1,7.0,False,True,True
2025-03-30,high,2025-03-23,105.08961578509638,105.08961578509638,-0.014474938474287442,-0.014474938474287442,-0.014474938474287442,228,203,25,228,203,25,1,7.0,False,True,True
2025-04-06,high,2025-03-30,103.95529115268643,103.95529115268643,-0.010852555866668183,-0.010852555866668183,-0.010852555866668183,253,227,26,253,227,26,1,7.0,False,True,True
2025-04-13,high,2025-04-06,103.2122956220477,103.2122956220477,-0.007172924373439737,-0.007172924373439737,-0.007172924373439737,269,241,28,269,241,28,1,7.0,False,True,True
2025-04-20,high,2025-04-13,102.02686810336857,102.02686810336857,-0.011551798199578071,-0.011551798199578071,-0.011551798199578071,277,249,28,277,249,28,1,7.0,False,True,True
2025-04-27,high,2025-04-20,101.63385815019197,101.63385815019197,-0.0038594622364792903,-0.0038594622364792903,-0.0038594622364792903,271,243,28,271,243,28,1,7.0,False,True,True
2025-05-04,high,2025-04-27,100.8842183265221,100.8842183265221,-0.007403223065767977,-0.007403223065767977,-0.007403223065767977,267,239,28,267,239,28,1,7.0,False,True,True
2025-05-11,high,2025-05-04,100.17042715256838,100.17042715256838,-0.007100499182097567,-0.007100499182097567,-0.007100499182097567,272,244,28,272,244,28,1,7.0,False,True,True
2025-05-18,high,2025-05-11,99.14839033310992,99.14839033310992,-0.010255386720514204,-0.010255386720514204,-0.010255386720514204,271,243,28,271,243,28,1,7.0,False,True,True
2025-05-25,high,2025-05-18,98.77679789951938,98.77679789951938,-0.0037548820693619695,-0.0037548820693619695,-0.0037548820693619695,266,238,28,266,238,28,1,7.0,False,True,True
2025-06-01,high,2025-05-25,98.00881712440776,98.00881712440776,-0.007805292820441387,-0.007805292820441387,-0.007805292820441387,267,239,28,267,239,28,1,7.0,False,True,True
2025-06-08,high,2025-06-01,97.60521191305968,97.60521191305968,-0.004126552538837255,-0.004126552538837255,-0.004126552538837255,266,238,28,266,238,28,1,7.0,False,True,True
2025-06-15,high,2025-06-08,97.24403723570398,97.24403723570398,-0.003707225894731665,-0.003707225894731665,-0.003707225894731665,263,235,28,263,235,28,1,7.0,False,True,True
2025-06-22,high,2025-06-15,96.6597607749131,96.6597607749131,-0.006026475346194745,-0.006026475346194745,-0.006026475346194745,266,238,28,266,238,28,1,7.0,False,True,True
2025-06-29,high,2025-06-22,96.6597607749131,,,,,0,0,0,0,0,0,1,7.0,False,False,False
2025-07-06,high,2025-06-22,96.6597607749131,,,,,0,0,0,0,0,0,2,14.0,False,False,False
2025-07-13,high,2025-06-22,96.13654491385832,96.13654491385832,-0.005427667751842505,-0.0018092225839475016,,247,221,26,0,0,0,3,21.0,True,True,False
2025-07-20,high,2025-07-13,96.05749180076641,96.05749180076641,-0.0008226386094115473,-0.0008226386094115473,-0.0008226386094115473,260,234,26,260,234,26,1,7.0,False,True,True
2025-07-27,high,2025-07-20,95.27892636567108,95.27892636567108,-0.008138228358545826,-0.008138228358545826,-0.008138228358545826,264,236,28,264,236,28,1,7.0,False,True,True
2025-08-03,high,2025-07-27,95.09120289592282,95.09120289592282,-0.0019721952317112144,-0.0019721952317112144,-0.0019721952317112144,263,235,28,263,235,28,1,7.0,False,True,True
2025-08-10,high,2025-08-03,94.7086735682731,94.7086735682731,-0.004030875601387646,-0.004030875601387646,-0.004030875601387646,265,237,28,265,237,28,1,7.0,False,True,True
2025-08-17,high,2025-08-10,94.71978764664776,94.71978764664776,0.00011734327899965838,0.00011734327899965838,0.00011734327899965838,261,235,26,261,235,26,1,7.0,False,True,True
2025-08-24,high,2025-08-17,94.56420846087961,94.56420846087961,-0.0016438708396143802,-0.0016438708396143802,-0.0016438708396143802,262,234,28,262,234,28,1,7.0,False,True,True
2025-08-31,high,2025-08-24,94.2978557708873,94.2978557708873,-0.0028206073852226642,-0.0028206073852226642,-0.0028206073852226642,267,238,29,267,238,29,1,7.0,False,True,True
2025-09-07,high,2025-08-31,94.13216010589424,94.13216010589424,-0.001758697593165764,-0.001758697593165764,-0.001758697593165764,267,238,29,267,238,29,1,7.0,False,True,True
2025-09-14,high,2025-09-07,94.02974002342752,94.02974002342752,-0.0010886379496746579,-0.0010886379496746579,-0.0010886379496746579,264,236,28,264,236,28,1,7.0,False,True,True
2025-09-21,high,2025-09-14,94.02445726020062,94.02445726020062,-5.618341206526994e-05,-5.618341206526994e-05,-5.618341206526994e-05,265,237,28,265,237,28,1,7.0,False,True,True
2025-09-28,high,2025-09-21,93.96810047388298,93.96810047388298,-0.0005995640325890678,-0.0005995640325890678,-0.0005995640325890678,265,237,28,265,237,28,1,7.0,False,True,True
2025-10-05,high,2025-09-28,93.84543613351153,93.84543613351153,-0.0013062355358254125,-0.0013062355358254125,-0.0013062355358254125,269,241,28,269,241,28,1,7.0,False,True,True
2025-10-12,high,2025-10-05,93.74918679136933,93.74918679136933,-0.0010261418913521483,-0.0010261418913521483,-0.0010261418913521483,263,235,28,263,235,28,1,7.0,False,True,True
2025-10-19,high,2025-10-12,94.22008517759474,94.22008517759474,0.005010386712794115,0.005010386712794115,0.005010386712794115,263,236,27,263,236,27,1,7.0,False,True,True
2025-10-26,high,2025-10-19,94.32460484815424,94.32460484815424,0.001108699282399827,0.001108699282399827,0.001108699282399827,265,236,29,265,236,29,1,7.0,False,True,True
2025-11-02,high,2025-10-26,94.56387254518425,94.56387254518425,0.002533429548541178,0.002533429548541178,0.002533429548541178,253,227,26,253,227,26,1,7.0,False,True,True
2025-11-09,high,2025-11-02,95.30865551197525,95.30865551197525,0.007845124244924893,0.007845124244924893,0.007845124244924893,248,223,25,248,223,25,1,7.0,False,True,True
2025-11-16,high,2025-11-09,95.7910418529778,95.7910418529778,0.005048541386857524,0.005048541386857524,0.005048541386857524,253,227,26,253,227,26,1,7.0,False,True,True
2025-11-23,high,2025-11-16,95.24598325735447,95.24598325735447,-0.005706329171876256,-0.005706329171876256,-0.005706329171876256,259,233,26,259,233,26,1,7.0,False,True,True
2025-11-30,high,2025-11-23,95.14577810225089,95.14577810225089,-0.0010526208029210179,-0.0010526208029210179,-0.0010526208029210179,259,233,26,259,233,26,1,7.0,False,True,True
2025-12-07,high,2025-11-30,95.11881928897719,95.11881928897719,-0.00028338234042215167,-0.00028338234042215167,-0.00028338234042215167,260,234,26,260,234,26,1,7.0,False,True,True
2025-12-14,high,2025-12-07,95.04630511200388,95.04630511200388,-0.0007626443672720697,-0.0007626443672720697,-0.0007626443672720697,260,234,26,260,234,26,1,7.0,False,True,True
2025-12-21,high,2025-12-14,95.09602397453435,95.09602397453435,0.0005229647065171135,0.0005229647065171135,0.0005229647065171135,260,234,26,260,234,26,1,7.0,False,True,True
2025-12-28,high,2025-12-21,95.41846047223166,95.41846047223166,0.0033849059455572325,0.0033849059455572325,0.0033849059455572325,261,235,26,261,235,26,1,7.0,False,True,True
2026-01-04,high,2025-12-28,95.69431959446092,95.69431959446092,0.0028868745849248106,0.0028868745849248106,0.0028868745849248106,261,235,26,261,235,26,1,7.0,False,True,True
2026-01-11,high,2026-01-04,96.47933317826607,96.47933317826607,0.008169881135243204,0.008169881135243204,0.008169881135243204,261,235,26,261,235,26,1,7.0,False,True,True
2026-01-18,high,2026-01-11,100.30359938954857,100.30359938954857,0.0388727591079962,0.0388727591079962,0.0388727591079962,248,222,26,248,222,26,1,7.0,False,True,True
2026-01-25,high,2026-01-18,105.50615546079145,105.50615546079145,0.05056771625323213,0.05056771625323213,0.05056771625323213,243,216,27,243,216,27,1,7.0,False,True,True
2026-02-01,high,2026-01-25,110.59831337211114,110.59831337211114,0.047135542357873074,0.047135542357873074,0.047135542357873074,245,216,29,245,216,29,1,7.0,False,True,True
2026-02-08,high,2026-02-01,111.9316267419809,111.9316267419809,0.011983370189140873,0.011983370189140873,0.011983370189140873,242,217,25,242,217,25,1,7.0,False,True,True
2026-02-15,high,2026-02-08,112.31491213853484,112.31491213853484,0.0034184319785990165,0.0034184319785990165,0.0034184319785990165,243,217,26,243,217,26,1,7.0,False,True,True
2026-02-22,high,2026-02-15,111.934465607351,111.934465607351,-0.00339306980480606,-0.00339306980480606,-0.00339306980480606,252,226,26,252,226,26,1,7.0,False,True,True
2026-03-01,high,2026-02-22,111.98294228071363,111.98294228071363,0.0004329870962442227,0.0004329870962442227,0.0004329870962442227,244,217,27,244,217,27,1,7.0,False,True,True
2026-03-08,high,2026-03-01,110.98184460339887,110.98184460339887,-0.008979932828004512,-0.008979932828004512,-0.008979932828004512,247,220,27,247,220,27,1,7.0,False,True,True
2026-03-15,high,2026-03-08,109.97288708904753,109.97288708904753,-0.009132771400727081,-0.009132771400727081,-0.009132771400727081,257,231,26,257,231,26,1,7.0,False,True,True
2026-03-22,high,2026-03-15,109.70127203140474,109.70127203140474,-0.0024728916422866627,-0.0024728916422866627,-0.0024728916422866627,258,232,26,258,232,26,1,7.0,False,True,True
2026-03-29,high,2026-03-22,109.63427630170274,109.63427630170274,-0.0006108971600333822,-0.0006108971600333822,-0.0006108971600333822,259,233,26,259,233,26,1,7.0,False,True,True
2026-04-05,high,2026-03-29,109.63427630170274,,,,,0,0,0,0,0,0,1,7.0,False,False,False
2024-03-03,low,,100.0,100.0,,,,0,0,0,0,0,0,0,,False,True,False
2024-03-10,low,2024-03-03,100.26381844436625,100.26381844436625,0.0026347105436011478,0.0026347105436011478,0.0026347105436011478,60,53,7,60,53,7,1,7.0,False,True,True
2024-03-17,low,2024-03-10,100.07034545937718,100.07034545937718,-0.0019315032580388672,-0.0019315032580388672,-0.0019315032580388672,62,54,8,62,54,8,1,7.0,False,True,True
2024-03-24,low,2024-03-17,100.75176833388565,100.75176833388565,0.006786359100207758,0.006786359100207758,0.006786359100207758,62,55,7,62,55,7,1,7.0,False,True,True
2024-03-31,low,2024-03-24,101.11626077735586,101.11626077735586,0.003611199268945468,0.003611199268945468,0.003611199268945468,62,55,7,62,55,7,1,7.0,False,True,True
2024-04-07,low,2024-03-31,101.42234946992346,101.42234946992346,0.003022524201390836,0.003022524201390836,0.003022524201390836,62,54,8,62,54,8,1,7.0,False,True,True
2024-04-14,low,2024-04-07,101.2536117293282,101.2536117293282,-0.001665099092986157,-0.001665099092986157,-0.001665099092986157,62,54,8,62,54,8,1,7.0,False,True,True
2024-04-21,low,2024-04-14,101.37121059229744,101.37121059229744,0.0011607548850704078,0.0011607548850704078,0.0011607548850704078,64,56,8,64,56,8,1,7.0,False,True,True
2024-04-28,low,2024-04-21,101.39073529388658,101.39073529388658,0.00019258743611038365,0.00019258743611038365,0.00019258743611038365,62,54,8,62,54,8,1,7.0,False,True,True
2024-05-05,low,2024-04-28,101.33618866038061,101.33618866038061,-0.0005381291617149034,-0.0005381291617149034,-0.0005381291617149034,61,55,6,61,55,6,1,7.0,False,True,True
2024-05-12,low,2024-05-05,101.52383184872657,101.52383184872657,0.0018499775499492904,0.0018499775499492904,0.0018499775499492904,62,54,8,62,54,8,1,7.0,False,True,True
2024-05-19,low,2024-05-12,101.50943490921436,101.50943490921436,-0.0001418185282267687,-0.0001418185282267687,-0.0001418185282267687,58,52,6,58,52,6,1,7.0,False,True,True
2024-05-26,low,2024-05-19,101.44484967510691,101.44484967510691,-0.0006364510748798687,-0.0006364510748798687,-0.0006364510748798687,59,53,6,59,53,6,1,7.0,False,True,True
2024-06-02,low,2024-05-26,101.32377889329042,101.32377889329042,-0.0011941768019945915,-0.0011941768019945915,-0.0011941768019945915,60,54,6,60,54,6,1,7.0,False,True,True
2024-06-09,low,2024-06-02,101.10727983528048,101.10727983528048,-0.00213899133774356,-0.00213899133774356,-0.00213899133774356,58,52,6,58,52,6,1,7.0,False,True,True
2024-06-16,low,2024-06-09,101.0985941292495,101.0985941292495,-8.590953235940383e-05,-8.590953235940383e-05,-8.590953235940383e-05,58,52,6,58,52,6,1,7.0,False,True,True
2024-06-23,low,2024-06-16,101.48818365517525,101.48818365517525,0.0038461543290208133,0.0038461543290208133,0.0038461543290208133,60,54,6,60,54,6,1,7.0,False,True,True
2024-06-30,low,2024-06-23,101.52895222473451,101.52895222473451,0.0004016268866228066,0.0004016268866228066,0.0004016268866228066,62,54,8,62,54,8,1,7.0,False,True,True
2024-07-07,low,2024-06-30,101.284678045878,101.284678045878,-0.002408854835338045,-0.002408854835338045,-0.002408854835338045,61,55,6,61,55,6,1,7.0,False,True,True
2024-07-14,low,2024-07-07,101.46837923850805,101.46837923850805,0.0018120687831508105,0.0018120687831508105,0.0018120687831508105,59,53,6,59,53,6,1,7.0,False,True,True
2024-07-21,low,2024-07-14,101.9919877596311,101.9919877596311,0.005147043473905476,0.005147043473905476,0.005147043473905476,60,54,6,60,54,6,1,7.0,False,True,True
2024-07-28,low,2024-07-21,102.11665901534326,102.11665901534326,0.001221616753493189,0.001221616753493189,0.001221616753493189,60,54,6,60,54,6,1,7.0,False,True,True
2024-08-04,low,2024-07-28,102.38736660804157,102.38736660804157,0.0026474564497150498,0.0026474564497150498,0.0026474564497150498,57,51,6,57,51,6,1,7.0,False,True,True
2024-08-11,low,2024-08-04,102.30948373248053,102.30948373248053,-0.000760958257928291,-0.000760958257928291,-0.000760958257928291,57,51,6,57,51,6,1,7.0,False,True,True
2024-08-18,low,2024-08-11,102.33816928713142,102.33816928713142,0.00028034091195784167,0.00028034091195784167,0.00028034091195784167,55,49,6,55,49,6,1,7.0,False,True,True
2024-08-25,low,2024-08-18,102.67249644655381,102.67249644655381,0.003261561583646161,0.003261561583646161,0.003261561583646161,54,49,5,54,49,5,1,7.0,False,True,True
2024-09-01,low,2024-08-25,102.41898135362659,102.41898135362659,-0.0024722160546795102,-0.0024722160546795102,-0.0024722160546795102,54,48,6,54,48,6,1,7.0,False,True,True
2024-09-08,low,2024-09-01,102.62360380774084,102.62360380774084,0.001995902674378648,0.001995902674378648,0.001995902674378648,50,44,6,50,44,6,1,7.0,False,True,True
2024-09-15,low,2024-09-08,102.69040485587503,102.69040485587503,0.0006507208244209374,0.0006507208244209374,0.0006507208244209374,51,45,6,51,45,6,1,7.0,False,True,True
2024-09-22,low,2024-09-15,103.30619253611694,103.30619253611694,0.005978637727698456,0.005978637727698456,0.005978637727698456,52,47,5,52,47,5,1,7.0,False,True,True
2024-09-29,low,2024-09-22,103.03200190809376,103.03200190809376,-0.0026576833256892656,-0.0026576833256892656,-0.0026576833256892656,52,46,6,52,46,6,1,7.0,False,True,True
2024-10-06,low,2024-09-29,102.94451537124763,102.94451537124763,-0.000849480739481181,-0.000849480739481181,-0.000849480739481181,49,43,6,49,43,6,1,7.0,False,True,True
2024-10-13,low,2024-10-06,102.71711226602604,102.71711226602604,-0.002211430498814007,-0.002211430498814007,-0.002211430498814007,48,43,5,48,43,5,1,7.0,False,True,True
2024-10-20,low,2024-10-13,103.02826403757354,103.02826403757354,0.003024631846890257,0.003024631846890257,0.003024631846890257,45,39,6,45,39,6,1,7.0,False,True,True
2024-10-27,low,2024-10-20,102.79224793045361,102.79224793045361,-0.0022934177775798315,-0.0022934177775798315,-0.0022934177775798315,45,40,5,45,40,5,1,7.0,False,True,True
2024-11-03,low,2024-10-27,102.38076197028255,102.38076197028255,-0.0040111173694038086,-0.0040111173694038086,-0.0040111173694038086,44,38,6,44,38,6,1,7.0,False,True,True
2024-11-10,low,2024-11-03,102.6985236212679,102.6985236212679,0.0030989176148647503,0.0030989176148647503,0.0030989176148647503,41,37,4,41,37,4,1,7.0,False,True,True
2024-11-17,low,2024-11-10,102.71409960435946,102.71409960435946,0.00015165555920409405,0.00015165555920409405,0.00015165555920409405,42,36,6,42,36,6,1,7.0,False,True,True
2024-11-24,low,2024-11-17,103.19495468254885,103.19495468254885,0.00467056637190013,0.00467056637190013,0.00467056637190013,42,37,5,42,37,5,1,7.0,False,True,True
2024-12-01,low,2024-11-24,103.31764024276502,103.31764024276502,0.001188165542095349,0.001188165542095349,0.001188165542095349,45,39,6,45,39,6,1,7.0,False,True,True
2024-12-08,low,2024-12-01,103.24955455555431,103.24955455555431,-0.0006592110595565222,-0.0006592110595565222,-0.0006592110595565222,45,38,7,45,38,7,1,7.0,False,True,True
2024-12-15,low,2024-12-08,104.4578159433984,104.4578159433984,0.011634397123398928,0.011634397123398928,0.011634397123398928,40,36,4,40,36,4,1,7.0,False,True,True
2024-12-22,low,2024-12-15,104.49546654778172,104.49546654778172,0.0003603734226320654,0.0003603734226320654,0.0003603734226320654,38,34,4,38,34,4,1,7.0,False,True,True
2024-12-29,low,2024-12-22,104.70533316630369,104.70533316630369,0.00200636602929237,0.00200636602929237,0.00200636602929237,37,33,4,37,33,4,1,7.0,False,True,True
2025-01-05,low,2024-12-29,104.88676595408626,104.88676595408626,0.0017312945846965886,0.0017312945846965886,0.0017312945846965886,39,35,4,39,35,4,1,7.0,False,True,True
2025-01-12,low,2025-01-05,105.50527978937394,105.50527978937394,0.005879648300865231,0.005879648300865231,0.005879648300865231,40,36,4,40,36,4,1,7.0,False,True,True
2025-01-19,low,2025-01-12,105.7448309881352,105.7448309881352,0.0022679401261212497,0.0022679401261212497,0.0022679401261212497,43,39,4,43,39,4,1,7.0,False,True,True
2025-01-26,low,2025-01-19,106.68650101039715,106.68650101039715,0.008865699625217542,0.008865699625217542,0.008865699625217542,39,34,5,39,34,5,1,7.0,False,True,True
2025-02-02,low,2025-01-26,106.04978617342938,106.04978617342938,-0.005985972084204102,-0.005985972084204102,-0.005985972084204102,39,37,2,39,37,2,1,7.0,False,True,True
2025-02-09,low,2025-02-02,106.0121436214798,106.0121436214798,-0.0003550147108569275,-0.0003550147108569275,-0.0003550147108569275,38,33,5,38,33,5,1,7.0,False,True,True
2025-02-16,low,2025-02-09,106.1467576649411,106.1467576649411,0.0012689928229232786,0.0012689928229232786,0.0012689928229232786,40,36,4,40,36,4,1,7.0,False,True,True
2025-02-23,low,2025-02-16,107.65016420208514,107.65016420208514,0.014064106302091657,0.014064106302091657,0.014064106302091657,37,33,4,37,33,4,1,7.0,False,True,True
2025-03-02,low,2025-02-23,107.88319936270517,107.88319936270517,0.0021624053703031146,0.0021624053703031146,0.0021624053703031146,34,30,4,34,30,4,1,7.0,False,True,True
2025-03-09,low,2025-03-02,107.65374477274005,107.65374477274005,-0.0021291447511876307,-0.0021291447511876307,-0.0021291447511876307,30,26,4,30,26,4,1,7.0,False,True,True
2025-03-16,low,2025-03-09,107.83679030580777,107.83679030580777,0.0016988734751254657,0.0016988734751254657,0.0016988734751254657,28,24,4,28,24,4,1,7.0,False,True,True
2025-03-23,low,2025-03-16,108.12388774281693,108.12388774281693,0.0026587951911636928,0.0026587951911636928,0.0026587951911636928,25,22,3,25,22,3,1,7.0,False,True,True
2025-03-30,low,2025-03-23,109.04782775496166,109.04782775496166,0.008508894305660555,0.008508894305660555,0.008508894305660555,25,21,4,25,21,4,1,7.0,False,True,True
2025-04-06,low,2025-03-30,109.16514566675126,109.16514566675126,0.0010752607533219933,0.0010752607533219933,0.0010752607533219933,25,21,4,25,21,4,1,7.0,False,True,True
2025-04-13,low,2025-04-06,108.42563963928974,108.42563963928974,-0.006797244411553753,-0.006797244411553753,-0.006797244411553753,27,24,3,27,24,3,1,7.0,False,True,True
2025-04-20,low,2025-04-13,109.60116158648829,109.60116158648829,0.010783383799688462,0.010783383799688462,0.010783383799688462,28,24,4,28,24,4,1,7.0,False,True,True
2025-04-27,low,2025-04-20,109.67870595130559,109.67870595130559,0.0007072639081779167,0.0007072639081779167,0.0007072639081779167,26,24,2,26,24,2,1,7.0,False,True,True
2025-05-04,low,2025-04-27,108.86941243753688,108.86941243753688,-0.0074061238222730644,-0.0074061238222730644,-0.0074061238222730644,24,22,2,24,22,2,1,7.0,False,True,True
2025-05-11,low,2025-05-04,109.47381840067463,109.47381840067463,0.005536306343044069,0.005536306343044069,0.005536306343044069,26,22,4,26,22,4,1,7.0,False,True,True
2025-05-18,low,2025-05-11,109.30644952428382,109.30644952428382,-0.001530018320468211,-0.001530018320468211,-0.001530018320468211,25,21,4,25,21,4,1,7.0,False,True,True
2025-05-25,low,2025-05-18,109.57812026183065,109.57812026183065,0.0024823209540382487,0.0024823209540382487,0.0024823209540382487,23,19,4,23,19,4,1,7.0,False,True,True
2025-06-01,low,2025-05-25,109.61213610699122,109.61213610699122,0.000310377349770469,0.000310377349770469,0.000310377349770469,21,19,2,21,19,2,1,7.0,False,True,True
2025-06-08,low,2025-06-01,109.6491226691136,109.6491226691136,0.0003373743513072193,0.0003373743513072193,0.0003373743513072193,20,18,2,20,18,2,1,7.0,False,True,True
2025-06-15,low,2025-06-08,109.17929598576599,109.17929598576599,-0.0042940255031747475,-0.0042940255031747475,-0.0042940255031747475,21,20,1,21,20,1,1,7.0,False,True,True
2025-06-22,low,2025-06-15,109.14057182764107,109.14057182764107,-0.0003547469950295263,-0.0003547469950295263,-0.0003547469950295263,22,18,4,22,18,4,1,7.0,False,True,True
2025-06-29,low,2025-06-22,109.14057182764107,,,,,0,0,0,0,0,0,1,7.0,False,False,False
2025-07-06,low,2025-06-22,109.14057182764107,,,,,0,0,0,0,0,0,2,14.0,False,False,False
2025-07-13,low,2025-06-22,109.67015107865248,109.67015107865248,0.004840533206180216,0.0016135110687267387,,15,15,0,0,0,0,3,21.0,True,True,False
2025-07-20,low,2025-07-13,108.99936707754593,108.99936707754593,-0.0061351587619228095,-0.0061351587619228095,-0.0061351587619228095,29,25,4,29,25,4,1,7.0,False,True,True
2025-07-27,low,2025-07-20,109.08655753204619,109.08655753204619,0.0007995973082795412,0.0007995973082795412,0.0007995973082795412,35,31,4,35,31,4,1,7.0,False,True,True
2025-08-03,low,2025-07-27,108.994458975959,108.994458975959,-0.0008446270384934667,-0.0008446270384934667,-0.0008446270384934667,40,36,4,40,36,4,1,7.0,False,True,True
2025-08-10,low,2025-08-03,108.25884448428268,108.25884448428268,-0.0067719780662666785,-0.0067719780662666785,-0.0067719780662666785,43,37,6,43,37,6,1,7.0,False,True,True
2025-08-17,low,2025-08-10,108.54552582275065,108.54552582275065,0.0026446100246825823,0.0026446100246825823,0.0026446100246825823,43,37,6,43,37,6,1,7.0,False,True,True
2025-08-24,low,2025-08-17,108.60331843230642,108.60331843230642,0.0005322856874377235,0.0005322856874377235,0.0005322856874377235,45,39,6,45,39,6,1,7.0,False,True,True
2025-08-31,low,2025-08-24,108.2854507527987,108.2854507527987,-0.00293116059708729,-0.00293116059708729,-0.00293116059708729,46,40,6,46,40,6,1,7.0,False,True,True
2025-09-07,low,2025-08-31,108.21292259179407,108.21292259179407,-0.0006700111654182693,-0.0006700111654182693,-0.0006700111654182693,44,38,6,44,38,6,1,7.0,False,True,True
2025-09-14,low,2025-09-07,108.31375000647138,108.31375000647138,0.0009313164124782036,0.0009313164124782036,0.0009313164124782036,41,37,4,41,37,4,1,7.0,False,True,True
2025-09-21,low,2025-09-14,108.33154657800763,108.33154657800763,0.00016429224965285193,0.00016429224965285193,0.00016429224965285193,42,36,6,42,36,6,1,7.0,False,True,True
2025-09-28,low,2025-09-21,108.27452978530161,108.27452978530161,-0.0005264560900616157,-0.0005264560900616157,-0.0005264560900616157,44,38,6,44,38,6,1,7.0,False,True,True
2025-10-05,low,2025-09-28,107.84984838956106,107.84984838956106,-0.0039299772280874225,-0.0039299772280874225,-0.0039299772280874225,44,38,6,44,38,6,1,7.0,False,True,True
2025-10-12,low,2025-10-05,107.79258795152509,107.79258795152509,-0.0005310683773872479,-0.0005310683773872479,-0.0005310683773872479,45,41,4,45,41,4,1,7.0,False,True,True
2025-10-19,low,2025-10-12,108.44757664342066,108.44757664342066,0.00605799293813547,0.00605799293813547,0.00605799293813547,44,38,6,44,38,6,1,7.0,False,True,True
2025-10-26,low,2025-10-19,108.18087177547524,108.18087177547524,-0.0024623266671188397,-0.0024623266671188397,-0.0024623266671188397,44,38,6,44,38,6,1,7.0,False,True,True
2025-11-02,low,2025-10-26,107.4465510476125,107.4465510476125,-0.00681104060907269,-0.00681104060907269,-0.00681104060907269,41,37,4,41,37,4,1,7.0,False,True,True
2025-11-09,low,2025-11-02,108.26664604969568,108.26664604969568,0.007603604825768378,0.007603604825768378,0.007603604825768378,39,35,4,39,35,4,1,7.0,False,True,True
2025-11-16,low,2025-11-09,110.24876059046986,110.24876059046986,0.018142143262261084,0.018142143262261084,0.018142143262261084,38,34,4,38,34,4,1,7.0,False,True,True
2025-11-23,low,2025-11-16,110.50613562441795,110.50613562441795,0.0023317729751590353,0.0023317729751590353,0.0023317729751590353,38,34,4,38,34,4,1,7.0,False,True,True
2025-11-30,low,2025-11-23,110.54583622321643,110.54583622321643,0.0003591969697757966,0.0003591969697757966,0.0003591969697757966,40,36,4,40,36,4,1,7.0,False,True,True
2025-12-07,low,2025-11-30,110.4546930119055,110.4546930119055,-0.0008248235132620864,-0.0008248235132620864,-0.0008248235132620864,40,36,4,40,36,4,1,7.0,False,True,True
2025-12-14,low,2025-12-07,110.48821388282681,110.48821388282681,0.000303434689527953,0.000303434689527953,0.000303434689527953,39,35,4,39,35,4,1,7.0,False,True,True
2025-12-21,low,2025-12-14,110.7699868863664,110.7699868863664,0.002547007567516968,0.002547007567516968,0.002547007567516968,36,32,4,36,32,4,1,7.0,False,True,True
2025-12-28,low,2025-12-21,110.86030664213519,110.86030664213519,0.0008150488755921719,0.0008150488755921719,0.0008150488755921719,38,34,4,38,34,4,1,7.0,False,True,True
2026-01-04,low,2025-12-28,111.22383774412096,111.22383774412096,0.0032738170271500687,0.0032738170271500687,0.0032738170271500687,38,34,4,38,34,4,1,7.0,False,True,True
2026-01-11,low,2026-01-04,111.6997480492345,111.6997480492345,0.004269723424984662,0.004269723424984662,0.004269723424984662,37,33,4,37,33,4,1,7.0,False,True,True
2026-01-18,low,2026-01-11,113.02493228166799,113.02493228166799,0.011793983565355784,0.011793983565355784,0.011793983565355784,37,33,4,37,33,4,1,7.0,False,True,True
2026-01-25,low,2026-01-18,116.53200522465637,116.53200522465637,0.03055752419896789,0.03055752419896789,0.03055752419896789,38,34,4,38,34,4,1,7.0,False,True,True
2026-02-01,low,2026-01-25,126.52836559245458,126.52836559245458,0.08230055872861436,0.08230055872861436,0.08230055872861436,43,37,6,43,37,6,1,7.0,False,True,True
2026-02-08,low,2026-02-01,127.87930591842598,127.87930591842598,0.010620379612886982,0.010620379612886982,0.010620379612886982,44,37,7,44,37,7,1,7.0,False,True,True
2026-02-15,low,2026-02-08,128.55854593673203,128.55854593673203,0.005297514402714898,0.005297514402714898,0.005297514402714898,44,37,7,44,37,7,1,7.0,False,True,True
2026-02-22,low,2026-02-15,128.02406068706082,128.02406068706082,-0.004166190606594411,-0.004166190606594411,-0.004166190606594411,44,38,6,44,38,6,1,7.0,False,True,True
2026-03-01,low,2026-02-22,129.3007791383881,129.3007791383881,0.009923091206230968,0.009923091206230968,0.009923091206230968,45,39,6,45,39,6,1,7.0,False,True,True
2026-03-08,low,2026-03-01,128.93305961839621,128.93305961839621,-0.002847959588147232,-0.002847959588147232,-0.002847959588147232,44,38,6,44,38,6,1,7.0,False,True,True
2026-03-15,low,2026-03-08,128.3183854276149,128.3183854276149,-0.00477879034217888,-0.00477879034217888,-0.00477879034217888,44,38,6,44,38,6,1,7.0,False,True,True
2026-03-22,low,2026-03-15,128.3213225503091,128.3213225503091,2.2889074472839798e-05,2.2889074472839798e-05,2.2889074472839798e-05,44,38,6,44,38,6,1,7.0,False,True,True
2026-03-29,low,2026-03-22,127.08929630664757,127.08929630664757,-0.009647490812789638,-0.009647490812789638,-0.009647490812789638,45,39,6,45,39,6,1,7.0,False,True,True
2026-04-05,low,2026-03-29,127.08929630664757,,,,,0,0,0,0,0,0,1,7.0,False,False,False
2024-03-03,mid,,100.0,100.0,,,,0,0,0,0,0,0,0,,False,True,False
2024-03-10,mid,2024-03-03,100.41975938166559,100.41975938166559,0.004188808495955746,0.004188808495955746,0.004188808495955746,295,265,30,295,265,30,1,7.0,False,True,True
2024-03-17,mid,2024-03-10,100.89075358553521,100.89075358553521,0.004679289286234111,0.004679289286234111,0.004679289286234111,298,267,31,298,267,31,1,7.0,False,True,True
2024-03-24,mid,2024-03-17,101.19654333955157,101.19654333955157,0.003026315775931022,0.003026315775931022,0.003026315775931022,298,267,31,298,267,31,1,7.0,False,True,True
2024-03-31,mid,2024-03-24,101.44175800096606,101.44175800096606,0.0024202214436968472,0.0024202214436968472,0.0024202214436968472,298,267,31,298,267,31,1,7.0,False,True,True
2024-04-07,mid,2024-03-31,101.45728532525047,101.45728532525047,0.00015305468236990455,0.00015305468236990455,0.00015305468236990455,304,272,32,304,272,32,1,7.0,False,True,True
2024-04-14,mid,2024-04-07,101.49644191600753,101.49644191600753,0.00038586718041763127,0.00038586718041763127,0.00038586718041763127,302,270,32,302,270,32,1,7.0,False,True,True
2024-04-21,mid,2024-04-14,101.89264297335237,101.89264297335237,0.0038959962744759833,0.0038959962744759833,0.0038959962744759833,295,264,31,295,264,31,1,7.0,False,True,True
2024-04-28,mid,2024-04-21,101.75045380406114,101.75045380406114,-0.0013964548236408043,-0.0013964548236408043,-0.0013964548236408043,304,271,33,304,271,33,1,7.0,False,True,True
2024-05-05,mid,2024-04-28,101.85496718469626,101.85496718469626,0.0010266267892772858,0.0010266267892772858,0.0010266267892772858,298,267,31,298,267,31,1,7.0,False,True,True
2024-05-12,mid,2024-05-05,101.79915543550756,101.79915543550756,-0.0005481033221215181,-0.0005481033221215181,-0.0005481033221215181,295,264,31,295,264,31,1,7.0,False,True,True
2024-05-19,mid,2024-05-12,101.72367341763506,101.72367341763506,-0.0007417548366314284,-0.0007417548366314284,-0.0007417548366314284,296,266,30,296,266,30,1,7.0,False,True,True
2024-05-26,mid,2024-05-19,101.49015003802148,101.49015003802148,-0.0022983031216631286,-0.0022983031216631286,-0.0022983031216631286,292,261,31,292,261,31,1,7.0,False,True,True
2024-06-02,mid,2024-05-26,101.26426245604668,101.26426245604668,-0.0022281899826885397,-0.0022281899826885397,-0.0022281899826885397,290,259,31,290,259,31,1,7.0,False,True,True
2024-06-09,mid,2024-06-02,101.16441358026545,101.16441358026545,-0.0009865092815316077,-0.0009865092815316077,-0.0009865092815316077,288,257,31,288,257,31,1,7.0,False,True,True
2024-06-16,mid,2024-06-09,101.19710771004871,101.19710771004871,0.000323125956548174,0.000323125956548174,0.000323125956548174,293,262,31,293,262,31,1,7.0,False,True,True
2024-06-23,mid,2024-06-16,101.28440444531935,101.28440444531935,0.000862268754813316,0.000862268754813316,0.000862268754813316,297,267,30,297,267,30,1,7.0,False,True,True
2024-06-30,mid,2024-06-23,101.39538197284064,101.39538197284064,0.001095102186294318,0.001095102186294318,0.001095102186294318,304,272,32,304,272,32,1,7.0,False,True,True
2024-07-07,mid,2024-06-30,101.14273916624154,101.14273916624154,-0.0024947692435671937,-0.0024947692435671937,-0.0024947692435671937,304,272,32,304,272,32,1,7.0,False,True,True
2024-07-14,mid,2024-07-07,101.13073849805572,101.13073849805572,-0.00011865785211665137,-0.00011865785211665137,-0.00011865785211665137,308,275,33,308,275,33,1,7.0,False,True,True
2024-07-21,mid,2024-07-14,101.11436212923469,101.11436212923469,-0.00016194576586550457,-0.00016194576586550457,-0.00016194576586550457,308,276,32,308,276,32,1,7.0,False,True,True
2024-07-28,mid,2024-07-21,101.3642141556137,101.3642141556137,0.002467936685234439,0.002467936685234439,0.002467936685234439,308,276,32,308,276,32,1,7.0,False,True,True
2024-08-04,mid,2024-07-28,101.58895351561063,101.58895351561063,0.002214692723797896,0.002214692723797896,0.002214692723797896,305,272,33,305,272,33,1,7.0,False,True,True
2024-08-11,mid,2024-08-04,101.62390346752929,101.62390346752929,0.00034397382903932343,0.00034397382903932343,0.00034397382903932343,316,283,33,316,283,33,1,7.0,False,True,True
2024-08-18,mid,2024-08-11,101.65199182958219,101.65199182958219,0.0002763570386996667,0.0002763570386996667,0.0002763570386996667,307,275,32,307,275,32,1,7.0,False,True,True
2024-08-25,mid,2024-08-18,101.7263681540224,101.7263681540224,0.0007314084719916994,0.0007314084719916994,0.0007314084719916994,304,272,32,304,272,32,1,7.0,False,True,True
2024-09-01,mid,2024-08-25,101.38077421312573,101.38077421312573,-0.003403073573810966,-0.003403073573810966,-0.003403073573810966,308,276,32,308,276,32,1,7.0,False,True,True
2024-09-08,mid,2024-09-01,101.2824555519841,101.2824555519841,-0.0009702664757571485,-0.0009702664757571485,-0.0009702664757571485,309,277,32,309,277,32,1,7.0,False,True,True
2024-09-15,mid,2024-09-08,101.29570945548129,101.29570945548129,0.0001308522418060827,0.0001308522418060827,0.0001308522418060827,314,282,32,314,282,32,1,7.0,False,True,True
2024-09-22,mid,2024-09-15,101.43993507993078,101.43993507993078,0.001422795178521438,0.001422795178521438,0.001422795178521438,319,287,32,319,287,32,1,7.0,False,True,True
2024-09-29,mid,2024-09-22,101.46393913032162,101.46393913032162,0.00023660514710471424,0.00023660514710471424,0.00023660514710471424,316,284,32,316,284,32,1,7.0,False,True,True
2024-10-06,mid,2024-09-29,101.29283376132801,101.29283376132801,-0.0016877898298677003,-0.0016877898298677003,-0.0016877898298677003,318,286,32,318,286,32,1,7.0,False,True,True
2024-10-13,mid,2024-10-06,101.36407420437695,101.36407420437695,0.0007030645705451312,0.0007030645705451312,0.0007030645705451312,317,284,33,317,284,33,1,7.0,False,True,True
2024-10-20,mid,2024-10-13,101.35571767528333,101.35571767528333,-8.24441365183882e-05,-8.24441365183882e-05,-8.24441365183882e-05,316,283,33,316,283,33,1,7.0,False,True,True
2024-10-27,mid,2024-10-20,101.3228318382049,101.3228318382049,-0.0003245122628511994,-0.0003245122628511994,-0.0003245122628511994,318,286,32,318,286,32,1,7.0,False,True,True
2024-11-03,mid,2024-10-27,101.17413229913426,101.17413229913426,-0.0014686597049234128,-0.0014686597049234128,-0.0014686597049234128,324,290,34,324,290,34,1,7.0,False,True,True
2024-11-10,mid,2024-11-03,101.18895352096403,101.18895352096403,0.0001464814770561731,0.0001464814770561731,0.0001464814770561731,322,288,34,322,288,34,1,7.0,False,True,True
2024-11-17,mid,2024-11-10,101.11992624413993,101.11992624413993,-0.0006823949555043475,-0.0006823949555043475,-0.0006823949555043475,324,289,35,324,289,35,1,7.0,False,True,True
2024-11-24,mid,2024-11-17,101.4668177311878,101.4668177311878,0.003424625118811543,0.003424625118811543,0.003424625118811543,323,288,35,323,288,35,1,7.0,False,True,True
2024-12-01,mid,2024-11-24,101.60236230786641,101.60236230786641,0.0013349598081031518,0.0013349598081031518,0.0013349598081031518,315,282,33,315,282,33,1,7.0,False,True,True
2024-12-08,mid,2024-12-01,101.63911319626627,101.63911319626627,0.0003616475299567251,0.0003616475299567251,0.0003616475299567251,314,282,32,314,282,32,1,7.0,False,True,True
2024-12-15,mid,2024-12-08,102.22579422771477,102.22579422771477,0.005755602162634149,0.005755602162634149,0.005755602162634149,310,276,34,310,276,34,1,7.0,False,True,True
2024-12-22,mid,2024-12-15,103.08648376173048,103.08648376173048,0.008384248466097581,0.008384248466097581,0.008384248466097581,300,268,32,300,268,32,1,7.0,False,True,True
2024-12-29,mid,2024-12-22,103.5022878723638,103.5022878723638,0.004025433413658613,0.004025433413658613,0.004025433413658613,299,268,31,299,268,31,1,7.0,False,True,True
2025-01-05,mid,2024-12-29,104.17000613854847,104.17000613854847,0.006430521416431345,0.006430521416431345,0.006430521416431345,293,262,31,293,262,31,1,7.0,False,True,True
2025-01-12,mid,2025-01-05,105.33139961174851,105.33139961174851,0.011087327709443175,0.011087327709443175,0.011087327709443175,292,266,26,292,266,26,1,7.0,False,True,True
2025-01-19,mid,2025-01-12,105.7860303766859,105.7860303766859,0.00430690604488927,0.00430690604488927,0.00430690604488927,284,254,30,284,254,30,1,7.0,False,True,True
2025-01-26,mid,2025-01-19,106.31163209808324,106.31163209808324,0.0049562337574297795,0.0049562337574297795,0.0049562337574297795,273,245,28,273,245,28,1,7.0,False,True,True
2025-02-02,mid,2025-01-26,106.0866996602721,106.0866996602721,-0.002118025316270927,-0.002118025316270927,-0.002118025316270927,274,246,28,274,246,28,1,7.0,False,True,True
2025-02-09,mid,2025-02-02,106.57375909124089,106.57375909124089,0.004580637937689368,0.004580637937689368,0.004580637937689368,259,233,26,259,233,26,1,7.0,False,True,True
2025-02-16,mid,2025-02-09,107.06053066412365,107.06053066412365,0.004557062593568875,0.004557062593568875,0.004557062593568875,258,231,27,258,231,27,1,7.0,False,True,True
2025-02-23,mid,2025-02-16,107.4378627852091,107.4378627852091,0.0035182781954163967,0.0035182781954163967,0.0035182781954163967,256,230,26,256,230,26,1,7.0,False,True,True
2025-03-02,mid,2025-02-23,107.938898702151,107.938898702151,0.00465265442117882,0.00465265442117882,0.00465265442117882,244,217,27,244,217,27,1,7.0,False,True,True
2025-03-09,mid,2025-03-02,108.35296355692269,108.35296355692269,0.003828765042538322,0.003828765042538322,0.003828765042538322,222,198,24,222,198,24,1,7.0,False,True,True
2025-03-16,mid,2025-03-09,108.43248046600253,108.43248046600253,0.0007336001086638843,0.0007336001086638843,0.0007336001086638843,220,197,23,220,197,23,1,7.0,False,True,True
2025-03-23,mid,2025-03-16,108.41767670506026,108.41767670506026,-0.00013653447300557736,-0.00013653447300557736,-0.00013653447300557736,263,234,29,263,234,29,1,7.0,False,True,True
2025-03-30,mid,2025-03-23,108.46839661212749,108.46839661212749,0.00046771014123765084,0.00046771014123765084,0.00046771014123765084,269,241,28,269,241,28,1,7.0,False,True,True
2025-04-06,mid,2025-03-30,108.23660136443046,108.23660136443046,-0.0021392707898931313,-0.0021392707898931313,-0.0021392707898931313,277,249,28,277,249,28,1,7.0,False,True,True
2025-04-13,mid,2025-04-06,108.42568787458676,108.42568787458676,0.001745449647248129,0.001745449647248129,0.001745449647248129,287,257,30,287,257,30,1,7.0,False,True,True
2025-04-20,mid,2025-04-13,108.29185846477634,108.29185846477634,-0.001235058527401911,-0.001235058527401911,-0.001235058527401911,287,256,31,287,256,31,1,7.0,False,True,True
2025-04-27,mid,2025-04-20,108.15924063001023,108.15924063001023,-0.0012253839496796654,-0.0012253839496796654,-0.0012253839496796654,296,266,30,296,266,30,1,7.0,False,True,True
2025-05-04,mid,2025-04-27,107.77004664083482,107.77004664083482,-0.0036048320776957397,-0.0036048320776957397,-0.0036048320776957397,331,297,34,331,297,34,1,7.0,False,True,True
2025-05-11,mid,2025-05-04,107.21714316174487,107.21714316174487,-0.005143605985049137,-0.005143605985049137,-0.005143605985049137,338,303,35,338,303,35,1,7.0,False,True,True
2025-05-18,mid,2025-05-11,106.89442613669866,106.89442613669866,-0.003014477643436919,-0.003014477643436919,-0.003014477643436919,348,310,38,348,310,38,1,7.0,False,True,True
2025-05-25,mid,2025-05-18,106.67832176544292,106.67832176544292,-0.0020237080538708665,-0.0020237080538708665,-0.0020237080538708665,345,308,37,345,308,37,1,7.0,False,True,True
2025-06-01,mid,2025-05-25,105.82510992612855,105.82510992612855,-0.008030142547214729,-0.008030142547214729,-0.008030142547214729,373,330,43,373,330,43,1,7.0,False,True,True
2025-06-08,mid,2025-06-01,105.15134943119668,105.15134943119668,-0.006387089701693628,-0.006387089701693628,-0.006387089701693628,390,348,42,390,348,42,1,7.0,False,True,True
2025-06-15,mid,2025-06-08,104.7495441992328,104.7495441992328,-0.003828527985819771,-0.003828527985819771,-0.003828527985819771,388,347,41,388,347,41,1,7.0,False,True,True
2025-06-22,mid,2025-06-15,104.11010211819382,104.11010211819382,-0.006123194118373385,-0.006123194118373385,-0.006123194118373385,411,369,42,411,369,42,1,7.0,False,True,True
2025-06-29,mid,2025-06-22,104.11010211819382,,,,,0,0,0,0,0,0,1,7.0,False,False,False
2025-07-06,mid,2025-06-22,104.11010211819382,,,,,0,0,0,0,0,0,2,14.0,False,False,False
2025-07-13,mid,2025-06-22,103.48630170785145,103.48630170785145,-0.006009760056907877,-0.002003253352302626,,381,343,38,0,0,0,3,21.0,True,True,False
2025-07-20,mid,2025-07-13,103.39732109668464,103.39732109668464,-0.00086019971467347,-0.00086019971467347,-0.00086019971467347,404,362,42,404,362,42,1,7.0,False,True,True
2025-07-27,mid,2025-07-20,102.82755043786945,102.82755043786945,-0.005525736099091353,-0.005525736099091353,-0.005525736099091353,406,363,43,406,363,43,1,7.0,False,True,True
2025-08-03,mid,2025-07-27,102.57263901895212,102.57263901895212,-0.002482096540057019,-0.002482096540057019,-0.002482096540057019,407,365,42,407,365,42,1,7.0,False,True,True
2025-08-10,mid,2025-08-03,102.12530667765196,102.12530667765196,-0.00437066480450147,-0.00437066480450147,-0.00437066480450147,405,363,42,405,363,42,1,7.0,False,True,True
2025-08-17,mid,2025-08-10,102.24023098110568,102.24023098110568,0.0011246936923380614,0.0011246936923380614,0.0011246936923380614,398,356,42,398,356,42,1,7.0,False,True,True
2025-08-24,mid,2025-08-17,101.98173529734873,101.98173529734873,-0.0025315182937155328,-0.0025315182937155328,-0.0025315182937155328,402,360,42,402,360,42,1,7.0,False,True,True
2025-08-31,mid,2025-08-24,101.51687180237381,101.51687180237381,-0.004568722215840858,-0.004568722215840858,-0.004568722215840858,410,368,42,410,368,42,1,7.0,False,True,True
2025-09-07,mid,2025-08-31,101.32350722619232,101.32350722619232,-0.0019065694481642677,-0.0019065694481642677,-0.0019065694481642677,415,373,42,415,373,42,1,7.0,False,True,True
2025-09-14,mid,2025-09-07,101.18715734714664,101.18715734714664,-0.0013465947577303362,-0.0013465947577303362,-0.0013465947577303362,413,370,43,413,370,43,1,7.0,False,True,True
2025-09-21,mid,2025-09-14,101.086602238556,101.086602238556,-0.000994247766789476,-0.000994247766789476,-0.000994247766789476,414,372,42,414,372,42,1,7.0,False,True,True
2025-09-28,mid,2025-09-21,100.95376015422593,100.95376015422593,-0.0013150055949195962,-0.0013150055949195962,-0.0013150055949195962,412,370,42,412,370,42,1,7.0,False,True,True
2025-10-05,mid,2025-09-28,100.62585937307828,100.62585937307828,-0.003253315698548534,-0.003253315698548534,-0.003253315698548534,410,368,42,410,368,42,1,7.0,False,True,True
2025-10-12,mid,2025-10-05,100.45720755106184,100.45720755106184,-0.0016774347451734874,-0.0016774347451734874,-0.0016774347451734874,412,373,39,412,373,39,1,7.0,False,True,True
2025-10-19,mid,2025-10-12,100.97307521257164,100.97307521257164,0.005122057937543067,0.005122057937543067,0.005122057937543067,412,367,45,412,367,45,1,7.0,False,True,True
2025-10-26,mid,2025-10-19,100.79209252790159,100.79209252790159,-0.0017939938319047313,-0.0017939938319047313,-0.0017939938319047313,413,371,42,413,371,42,1,7.0,False,True,True
2025-11-02,mid,2025-10-26,100.43729400074989,100.43729400074989,-0.003526312939960388,-0.003526312939960388,-0.003526312939960388,412,370,42,412,370,42,1,7.0,False,True,True
2025-11-09,mid,2025-11-02,100.93258185072499,100.93258185072499,0.004919195054852978,0.004919195054852978,0.004919195054852978,419,376,43,419,376,43,1,7.0,False,True,True
2025-11-16,mid,2025-11-09,101.2575964748236,101.2575964748236,0.0032149425529194977,0.0032149425529194977,0.0032149425529194977,426,382,44,426,382,44,1,7.0,False,True,True
2025-11-23,mid,2025-11-16,101.37509520250235,101.37509520250235,0.0011597214632579438,0.0011597214632579438,0.0011597214632579438,428,384,44,428,384,44,1,7.0,False,True,True
2025-11-30,mid,2025-11-23,101.47655583514876,101.47655583514876,0.001000343261573226,0.001000343261573226,0.001000343261573226,423,379,44,423,379,44,1,7.0,False,True,True
2025-12-07,mid,2025-11-30,101.5647294629257,101.5647294629257,0.0008685291091440632,0.0008685291091440632,0.0008685291091440632,417,375,42,417,375,42,1,7.0,False,True,True
2025-12-14,mid,2025-12-07,101.66267994707108,101.66267994707108,0.0009639496169771689,0.0009639496169771689,0.0009639496169771689,416,374,42,416,374,42,1,7.0,False,True,True
2025-12-21,mid,2025-12-14,102.04244150484213,102.04244150484213,0.0037285463911734436,0.0037285463911734436,0.0037285463911734436,422,378,44,422,378,44,1,7.0,False,True,True
2025-12-28,mid,2025-12-21,102.40631464676984,102.40631464676984,0.00355955725023604,0.00355955725023604,0.00355955725023604,417,375,42,417,375,42,1,7.0,False,True,True
2026-01-04,mid,2025-12-28,102.75369535687634,102.75369535687634,0.0033864400969734736,0.0033864400969734736,0.0033864400969734736,406,364,42,406,364,42,1,7.0,False,True,True
2026-01-11,mid,2026-01-04,103.30259378072064,103.30259378072064,0.0053276677404093245,0.0053276677404093245,0.0053276677404093245,409,366,43,409,366,43,1,7.0,False,True,True
2026-01-18,mid,2026-01-11,105.65246615791574,105.65246615791574,0.02249260149149472,0.02249260149149472,0.02249260149149472,401,360,41,401,360,41,1,7.0,False,True,True
2026-01-25,mid,2026-01-18,111.06569302907921,111.06569302907921,0.049966768836021136,0.049966768836021136,0.049966768836021136,399,355,44,399,355,44,1,7.0,False,True,True
2026-02-01,mid,2026-01-25,119.24235610601234,119.24235610601234,0.07103617263266684,0.07103617263266684,0.07103617263266684,366,325,41,366,325,41,1,7.0,False,True,True
2026-02-08,mid,2026-02-01,120.7845705842164,120.7845705842164,0.012850522417045873,0.012850522417045873,0.012850522417045873,371,330,41,371,330,41,1,7.0,False,True,True
2026-02-15,mid,2026-02-08,120.86293263967964,120.86293263967964,0.0006485650144498244,0.0006485650144498244,0.0006485650144498244,369,330,39,369,330,39,1,7.0,False,True,True
2026-02-22,mid,2026-02-15,120.36870874066592,120.36870874066592,-0.004097510489671549,-0.004097510489671549,-0.004097510489671549,367,329,38,367,329,38,1,7.0,False,True,True
2026-03-01,mid,2026-02-22,120.70469134964274,120.70469134964274,0.0027873902835146734,0.0027873902835146734,0.0027873902835146734,365,325,40,365,325,40,1,7.0,False,True,True
2026-03-08,mid,2026-03-01,119.56174890272169,119.56174890272169,-0.00951403006591837,-0.00951403006591837,-0.00951403006591837,371,332,39,371,332,39,1,7.0,False,True,True
2026-03-15,mid,2026-03-08,118.76911375478204,118.76911375478204,-0.00665157723603745,-0.00665157723603745,-0.00665157723603745,376,338,38,376,338,38,1,7.0,False,True,True
2026-03-22,mid,2026-03-15,117.9738510663609,117.9738510663609,-0.006718389121447722,-0.006718389121447722,-0.006718389121447722,374,336,38,374,336,38,1,7.0,False,True,True
2026-03-29,mid,2026-03-22,116.48240128790695,116.48240128790695,-0.012722799087592773,-0.012722799087592773,-0.012722799087592773,375,335,40,375,335,40,1,7.0,False,True,True
2026-04-05,mid,2026-03-29,116.48240128790695,,,,,0,0,0,0,0,0,1,7.0,False,False,False
